market,side,price,size,ticks,share,est_day,pool,verdict
enwc-uspres-nom-rep-2028-jdvan,SELL,0.68,33.0,0,1.0,10.714285714285714,300.0,"✅ scoring — ~100.0% of ask side (10,850 resting ≥ 10,000 ✓) ≈ $10.71/day (pool ÷ 14 markets)"
enwc-uspres-nom-dem-2028-andbes,SELL,0.51,33.0,0,1.0,8.823529411764707,300.0,"✅ scoring — ~100.0% of ask side (10,900 resting ≥ 10,000 ✓) ≈ $8.82/day (pool ÷ 17 markets)"
enwc-uspres-nom-dem-2028-gavnew,SELL,0.51,50.0,0,1.0,8.823529411764707,300.0,"✅ scoring — ~100.0% of ask side (10,900 resting ≥ 10,000 ✓) ≈ $8.82/day (pool ÷ 17 markets)"
ussewc-usse-ks-2026-11-03-dem,SELL,0.25,15.0,0,1.0,6.25,25.0,"✅ scoring — ~100.0% of ask side (138,101 resting ≥ 2,000 ✓) ≈ $6.25/day (pool ÷ 2 markets)"
ewc-usp-party-2028-11-07-dem,SELL,0.76,144.0,0,0.9999999999999942,74.99999999999957,300.0,"✅ scoring — ~100.0% of ask side (10,122 resting ≥ 10,000 ✓) ≈ $75.00/day (pool ÷ 2 markets)"
apdc-jerpowgov-2026-12-31,SELL,0.24,10.0,0,0.9999999999505202,24.999999998763005,100.0,"✅ scoring — ~100.0% of ask side (8,439 resting ≥ 5,000 ✓) ≈ $25.00/day (pool ÷ 2 markets)"
enwc-uspres-nom-dem-2028-jonoss,SELL,0.52,25.0,0,0.9999999023104096,8.823528549797732,300.0,"✅ scoring — ~100.0% of ask side (11,020 resting ≥ 10,000 ✓) ≈ $8.82/day (pool ÷ 17 markets)"
scc-senate-gop-2026-11-03-48,BUY,0.13,25.0,0,0.9999577617841423,3.8459913914774706,100.0,"✅ scoring — ~100.0% of bid side (50,225 resting ≥ 5,000 ✓) ≈ $3.85/day (pool ÷ 13 markets)"
enwc-uspres-nom-dem-2028-andbes,BUY,0.01,10000.0,0,0.9803921568627451,8.650519031141869,300.0,"✅ scoring — ~98.0% of bid side (10,200 resting ≥ 10,000 ✓) ≈ $8.65/day (pool ÷ 17 markets)"
ewc-usp-2028-11-07-jdvan,BUY,0.01,10000.0,0,0.9803921568627451,5.446623093681917,300.0,"✅ scoring — ~98.0% of bid side (10,200 resting ≥ 10,000 ✓) ≈ $5.45/day (pool ÷ 27 markets)"
ewc-usp-2028-11-07-rondes,BUY,0.01,10000.0,0,0.9803921568627451,5.446623093681917,300.0,"✅ scoring — ~98.0% of bid side (10,200 resting ≥ 10,000 ✓) ≈ $5.45/day (pool ÷ 27 markets)"
enwc-uspres-nom-dem-2028-stasmi,BUY,0.01,10000.0,0,0.9803921568627451,8.650519031141869,300.0,"✅ scoring — ~98.0% of bid side (10,200 resting ≥ 10,000 ✓) ≈ $8.65/day (pool ÷ 17 markets)"
ewc-usp-2028-11-07-markel,BUY,0.01,10000.0,0,0.9803921568627451,5.446623093681917,300.0,"✅ scoring — ~98.0% of bid side (10,200 resting ≥ 10,000 ✓) ≈ $5.45/day (pool ÷ 27 markets)"
enwc-uspres-nom-dem-2028-jamtal,BUY,0.01,10000.0,0,0.9803921568627451,8.650519031141869,300.0,"✅ scoring — ~98.0% of bid side (10,200 resting ≥ 10,000 ✓) ≈ $8.65/day (pool ÷ 17 markets)"
enwc-uspres-nom-dem-2028-micoba,BUY,0.01,10000.0,0,0.9803921568627451,8.650519031141869,300.0,"✅ scoring — ~98.0% of bid side (10,200 resting ≥ 10,000 ✓) ≈ $8.65/day (pool ÷ 17 markets)"
ewc-usp-2028-11-07-andbes,BUY,0.01,10000.0,0,0.9803921568627451,5.446623093681917,300.0,"✅ scoring — ~98.0% of bid side (10,200 resting ≥ 10,000 ✓) ≈ $5.45/day (pool ÷ 27 markets)"
ewc-usp-2028-11-07-elomus,BUY,0.01,10000.0,0,0.9803921568627451,5.446623093681917,300.0,"✅ scoring — ~98.0% of bid side (10,200 resting ≥ 10,000 ✓) ≈ $5.45/day (pool ÷ 27 markets)"
ewc-usp-2028-11-07-gleyou,BUY,0.01,10000.0,0,0.9803921568627451,5.446623093681917,300.0,"✅ scoring — ~98.0% of bid side (10,200 resting ≥ 10,000 ✓) ≈ $5.45/day (pool ÷ 27 markets)"
enwc-uspres-nom-dem-2028-kamhar,BUY,0.01,10000.0,0,0.9803921568627451,8.650519031141869,300.0,"✅ scoring — ~98.0% of bid side (10,200 resting ≥ 10,000 ✓) ≈ $8.65/day (pool ÷ 17 markets)"
enwc-uspres-nom-dem-2028-markel,BUY,0.01,10000.0,0,0.9803921568627451,8.650519031141869,300.0,"✅ scoring — ~98.0% of bid side (10,200 resting ≥ 10,000 ✓) ≈ $8.65/day (pool ÷ 17 markets)"
ewc-usp-2028-11-07-tulgab,BUY,0.01,10000.0,0,0.9803921568627451,5.446623093681917,300.0,"✅ scoring — ~98.0% of bid side (10,200 resting ≥ 10,000 ✓) ≈ $5.45/day (pool ÷ 27 markets)"
ewc-usp-2028-11-07-dwajoh,BUY,0.01,10000.0,0,0.9803921568627451,5.446623093681917,300.0,"✅ scoring — ~98.0% of bid side (10,200 resting ≥ 10,000 ✓) ≈ $5.45/day (pool ÷ 27 markets)"
ewc-usp-2028-11-07-jonoss,BUY,0.01,10000.0,0,0.9803921568627451,5.446623093681917,300.0,"✅ scoring — ~98.0% of bid side (10,200 resting ≥ 10,000 ✓) ≈ $5.45/day (pool ÷ 27 markets)"
ewc-usp-2028-11-07-jossha,BUY,0.01,10000.0,0,0.9803921568627451,5.446623093681917,300.0,"✅ scoring — ~98.0% of bid side (10,200 resting ≥ 10,000 ✓) ≈ $5.45/day (pool ÷ 27 markets)"
ewc-usp-2028-11-07-wesmoo,BUY,0.01,10000.0,0,0.9803921568627451,5.446623093681917,300.0,"✅ scoring — ~98.0% of bid side (10,200 resting ≥ 10,000 ✓) ≈ $5.45/day (pool ÷ 27 markets)"
enwc-uspres-nom-dem-2028-dwajoh,BUY,0.01,10000.0,0,0.9803921568627451,8.650519031141869,300.0,"✅ scoring — ~98.0% of bid side (10,200 resting ≥ 10,000 ✓) ≈ $8.65/day (pool ÷ 17 markets)"
ewc-usp-2028-11-07-tuccar,BUY,0.01,10000.0,0,0.9803921568627451,5.446623093681917,300.0,"✅ scoring — ~98.0% of bid side (10,200 resting ≥ 10,000 ✓) ≈ $5.45/day (pool ÷ 27 markets)"
ewc-usp-2028-11-07-jbpri,BUY,0.01,10000.0,0,0.9803921568627451,5.446623093681917,300.0,"✅ scoring — ~98.0% of bid side (10,200 resting ≥ 10,000 ✓) ≈ $5.45/day (pool ÷ 27 markets)"
ewc-usp-2028-11-07-jamtal,BUY,0.01,10000.0,0,0.9803921568627451,5.446623093681917,300.0,"✅ scoring — ~98.0% of bid side (10,200 resting ≥ 10,000 ✓) ≈ $5.45/day (pool ÷ 27 markets)"
ewc-usp-2028-11-07-micoba,BUY,0.01,10000.0,0,0.9803921568627451,5.446623093681917,300.0,"✅ scoring — ~98.0% of bid side (10,200 resting ≥ 10,000 ✓) ≈ $5.45/day (pool ÷ 27 markets)"
ewc-usp-2028-11-07-vivram,BUY,0.01,10000.0,0,0.9803921568627451,5.446623093681917,300.0,"✅ scoring — ~98.0% of bid side (10,200 resting ≥ 10,000 ✓) ≈ $5.45/day (pool ÷ 27 markets)"
enwc-uspres-nom-dem-2028-jbpri,BUY,0.01,10000.0,0,0.9803921568627451,8.650519031141869,300.0,"✅ scoring — ~98.0% of bid side (10,200 resting ≥ 10,000 ✓) ≈ $8.65/day (pool ÷ 17 markets)"
ewc-usp-2028-11-07-aleocc,BUY,0.01,10000.0,0,0.9803921568627451,5.446623093681917,300.0,"✅ scoring — ~98.0% of bid side (10,200 resting ≥ 10,000 ✓) ≈ $5.45/day (pool ÷ 27 markets)"
ewc-usp-2028-11-07-dontru,BUY,0.01,10000.0,0,0.9803921568627451,5.446623093681917,300.0,"✅ scoring — ~98.0% of bid side (10,200 resting ≥ 10,000 ✓) ≈ $5.45/day (pool ÷ 27 markets)"
ewc-usp-2028-11-07-stasmi,BUY,0.01,10000.0,0,0.9803921568627451,5.446623093681917,300.0,"✅ scoring — ~98.0% of bid side (10,200 resting ≥ 10,000 ✓) ≈ $5.45/day (pool ÷ 27 markets)"
enwc-uspres-nom-dem-2028-aleocc,BUY,0.01,10000.0,0,0.9803921568627451,8.650519031141869,300.0,"✅ scoring — ~98.0% of bid side (10,200 resting ≥ 10,000 ✓) ≈ $8.65/day (pool ÷ 17 markets)"
enwc-uspres-nom-dem-2028-jonste,BUY,0.01,10000.0,0,0.9803921568627451,8.650519031141869,300.0,"✅ scoring — ~98.0% of bid side (10,200 resting ≥ 10,000 ✓) ≈ $8.65/day (pool ÷ 17 markets)"
enwc-uspres-nom-dem-2028-jossha,BUY,0.01,10000.0,0,0.9803921568627451,8.650519031141869,300.0,"✅ scoring — ~98.0% of bid side (10,200 resting ≥ 10,000 ✓) ≈ $8.65/day (pool ÷ 17 markets)"
ewc-usp-2028-11-07-gavnew,BUY,0.01,10000.0,0,0.9803921568627451,5.446623093681917,300.0,"✅ scoring — ~98.0% of bid side (10,200 resting ≥ 10,000 ✓) ≈ $5.45/day (pool ÷ 27 markets)"
ewc-usp-2028-11-07-thomas,BUY,0.01,10000.0,0,0.9803921568627451,5.446623093681917,300.0,"✅ scoring — ~98.0% of bid side (10,200 resting ≥ 10,000 ✓) ≈ $5.45/day (pool ÷ 27 markets)"
ewc-usp-2028-11-07-marrub,BUY,0.01,10000.0,0,0.9803921568627451,5.446623093681917,300.0,"✅ scoring — ~98.0% of bid side (10,200 resting ≥ 10,000 ✓) ≈ $5.45/day (pool ÷ 27 markets)"
enwc-uspres-nom-dem-2028-rokha,BUY,0.01,10000.0,0,0.9803921568627451,8.650519031141869,300.0,"✅ scoring — ~98.0% of bid side (10,200 resting ≥ 10,000 ✓) ≈ $8.65/day (pool ÷ 17 markets)"
ewc-usp-2028-11-07-dontrujr,BUY,0.01,10000.0,0,0.9803921568627451,5.446623093681917,300.0,"✅ scoring — ~98.0% of bid side (10,200 resting ≥ 10,000 ✓) ≈ $5.45/day (pool ÷ 27 markets)"
scc-senate-gop-2026-11-03-52,SELL,0.12,25.0,0,0.9611707205782166,3.6968104637623718,100.0,"✅ scoring — ~96.1% of ask side (78,366 resting ≥ 5,000 ✓) ≈ $3.70/day (pool ÷ 13 markets)"
scc-senate-gop-2026-11-03-52,BUY,0.09,5.0,0,0.8486688251717713,3.2641108660452747,100.0,"✅ scoring — ~84.9% of bid side (340,466 resting ≥ 5,000 ✓) ≈ $3.26/day (pool ÷ 13 markets)"
ewc-usp-party-2028-11-07-rep,BUY,0.51,5.0,0,0.8333333333333334,62.5,300.0,"✅ scoring — ~83.3% of bid side (10,330 resting ≥ 10,000 ✓) ≈ $62.50/day (pool ÷ 2 markets)"
usgubewc-usgub-mn-2026-11-03-rep,SELL,0.1,31.01,0,0.8158379309457675,5.098987068411047,25.0,"✅ scoring — ~81.6% of ask side (202,894 resting ≥ 2,000 ✓) ≈ $5.10/day (pool ÷ 2 markets)"
ussewc-usse-va-2026-11-03-rep,SELL,0.02,40.0,0,0.8,5.0,25.0,"✅ scoring — ~80.0% of ask side (65,525 resting ≥ 2,000 ✓) ≈ $5.00/day (pool ÷ 2 markets)"
scc-senate-gop-2026-11-03-53,BUY,0.07,25.0,0,0.7390166750540133,2.8423718271308203,100.0,"✅ scoring — ~73.9% of bid side (90,502 resting ≥ 5,000 ✓) ≈ $2.84/day (pool ÷ 13 markets)"
usgubewc-usgub-ne-2026-11-03-rep,BUY,0.91,25.0,0,0.7142857142857143,4.464285714285714,25.0,"✅ scoring — ~71.4% of bid side (510,235 resting ≥ 2,000 ✓) ≈ $4.46/day (pool ÷ 2 markets)"
ewc-usp-party-2028-11-07-rep,SELL,0.57,50.0,0,0.6578947368421053,49.3421052631579,300.0,"✅ scoring — ~65.8% of ask side (10,057 resting ≥ 10,000 ✓) ≈ $49.34/day (pool ÷ 2 markets)"
scc-senate-gop-2026-11-03-49,BUY,0.23,25.0,0,0.595238094714455,2.2893772873632883,100.0,"✅ scoring — ~59.5% of bid side (200,592 resting ≥ 5,000 ✓) ≈ $2.29/day (pool ÷ 13 markets)"
enwc-uspres-nom-rep-2028-ranpau,BUY,0.01,10000.0,0,0.5936127270568681,6.360136361323586,300.0,"✅ scoring — ~59.4% of bid side (16,846 resting ≥ 10,000 ✓) ≈ $6.36/day (pool ÷ 14 markets)"
enwc-uspres-nom-rep-2028-elomus,BUY,0.01,10000.0,0,0.5936127270568681,6.360136361323586,300.0,"✅ scoring — ~59.4% of bid side (16,846 resting ≥ 10,000 ✓) ≈ $6.36/day (pool ÷ 14 markets)"
enwc-uspres-nom-rep-2028-margre,BUY,0.01,10000.0,0,0.5936127270568681,6.360136361323586,300.0,"✅ scoring — ~59.4% of bid side (16,846 resting ≥ 10,000 ✓) ≈ $6.36/day (pool ÷ 14 markets)"
enwc-uspres-nom-rep-2028-dontru,BUY,0.01,10000.0,0,0.5918910920390648,6.3416902718471215,300.0,"✅ scoring — ~59.2% of bid side (16,895 resting ≥ 10,000 ✓) ≈ $6.34/day (pool ÷ 14 markets)"
enwc-uspres-nom-rep-2028-tuccar,BUY,0.01,10000.0,0,0.5918910920390648,6.3416902718471215,300.0,"✅ scoring — ~59.2% of bid side (16,895 resting ≥ 10,000 ✓) ≈ $6.34/day (pool ÷ 14 markets)"
enwc-uspres-nom-rep-2028-vivram,BUY,0.01,10000.0,0,0.5918910920390648,6.3416902718471215,300.0,"✅ scoring — ~59.2% of bid side (16,895 resting ≥ 10,000 ✓) ≈ $6.34/day (pool ÷ 14 markets)"
enwc-uspres-nom-rep-2028-dontrujr,BUY,0.01,10000.0,0,0.5918910920390648,6.3416902718471215,300.0,"✅ scoring — ~59.2% of bid side (16,895 resting ≥ 10,000 ✓) ≈ $6.34/day (pool ÷ 14 markets)"
enwc-uspres-nom-rep-2028-rondes,BUY,0.01,10000.0,0,0.5918910920390648,6.3416902718471215,300.0,"✅ scoring — ~59.2% of bid side (16,895 resting ≥ 10,000 ✓) ≈ $6.34/day (pool ÷ 14 markets)"
enwc-uspres-nom-rep-2028-tedcru,BUY,0.01,10000.0,0,0.5918910920390648,6.3416902718471215,300.0,"✅ scoring — ~59.2% of bid side (16,895 resting ≥ 10,000 ✓) ≈ $6.34/day (pool ÷ 14 markets)"
enwc-uspres-nom-rep-2028-gleyou,BUY,0.01,10000.0,0,0.5918910920390648,6.3416902718471215,300.0,"✅ scoring — ~59.2% of bid side (16,895 resting ≥ 10,000 ✓) ≈ $6.34/day (pool ÷ 14 markets)"
enwc-uspres-nom-rep-2028-tulgab,BUY,0.01,10000.0,0,0.5918910920390648,6.3416902718471215,300.0,"✅ scoring — ~59.2% of bid side (16,895 resting ≥ 10,000 ✓) ≈ $6.34/day (pool ÷ 14 markets)"
scc-senate-gop-2026-11-03-51,BUY,0.1,25.0,0,0.5662024173562327,2.1777016052162796,100.0,"✅ scoring — ~56.6% of bid side (300,475 resting ≥ 5,000 ✓) ≈ $2.18/day (pool ÷ 13 markets)"
usgubewc-usgub-fl-2026-11-03-dem,SELL,0.17,25.0,0,0.5208333333333334,3.2552083333333335,25.0,"✅ scoring — ~52.1% of ask side (272,692 resting ≥ 2,000 ✓) ≈ $3.26/day (pool ÷ 2 markets)"
usgubewc-usgub-ar-2026-11-03-rep,SELL,0.96,40.0,0,0.5164889084006921,3.2280556775043254,25.0,"✅ scoring — ~51.6% of ask side (8,551 resting ≥ 2,000 ✓) ≈ $3.23/day (pool ÷ 2 markets)"
ussewc-usse-wy-2026-11-03-dem,BUY,0.01,5000.0,0,0.3844675124951942,2.4029219530949635,25.0,"✅ scoring — ~38.4% of bid side (13,005 resting ≥ 2,000 ✓) ≈ $2.40/day (pool ÷ 2 markets)"
usgubewc-usgub-ri-2026-11-03-dem,BUY,0.91,25.0,1,0.38109756097560976,1.5879065040650409,25.0,"✅ scoring — ~38.1% of bid side (11,955 resting ≥ 2,000 ✓) ≈ $1.59/day (pool ÷ 3 markets)"
usgubewc-usgub-ri-2026-11-03-dem,SELL,0.94,25.0,0,0.3782821699763267,1.5761757082346946,25.0,"✅ scoring — ~37.8% of ask side (8,889 resting ≥ 2,000 ✓) ≈ $1.58/day (pool ÷ 3 markets)"
ussewc-usse-ks-2026-11-03-dem,BUY,0.21,20.0,0,0.36078287279263604,2.2548929549539753,25.0,"✅ scoring — ~36.1% of bid side (11,341 resting ≥ 2,000 ✓) ≈ $2.25/day (pool ÷ 2 markets)"
enwc-uspres-nom-dem-2028-petbut,BUY,0.01,10000.0,0,0.3482136639041716,3.0724735050368084,300.0,"✅ scoring — ~34.8% of bid side (28,718 resting ≥ 10,000 ✓) ≈ $3.07/day (pool ÷ 17 markets)"
enwc-uspres-nom-dem-2028-gavnew,BUY,0.01,10000.0,0,0.3482136639041716,3.0724735050368084,300.0,"✅ scoring — ~34.8% of bid side (28,718 resting ≥ 10,000 ✓) ≈ $3.07/day (pool ÷ 17 markets)"
enwc-uspres-nom-dem-2028-wesmoo,BUY,0.01,10000.0,0,0.3482136639041716,3.0724735050368084,300.0,"✅ scoring — ~34.8% of bid side (28,718 resting ≥ 10,000 ✓) ≈ $3.07/day (pool ÷ 17 markets)"
enwc-uspres-nom-rep-2028-thomas,BUY,0.01,10000.0,0,0.3456261016831991,3.7031368037485617,300.0,"✅ scoring — ~34.6% of bid side (28,933 resting ≥ 10,000 ✓) ≈ $3.70/day (pool ÷ 14 markets)"
ewc-usp-2028-11-07-rokha,BUY,0.01,10000.0,0,0.3429237680463633,1.9051320447020184,300.0,"✅ scoring — ~34.3% of bid side (29,161 resting ≥ 10,000 ✓) ≈ $1.91/day (pool ÷ 27 markets)"
ewc-usp-2028-11-07-petbut,BUY,0.01,10000.0,0,0.3429237680463633,1.9051320447020184,300.0,"✅ scoring — ~34.3% of bid side (29,161 resting ≥ 10,000 ✓) ≈ $1.91/day (pool ÷ 27 markets)"
ewc-usp-2028-11-07-rahema,BUY,0.01,10000.0,0,0.3429237680463633,1.9051320447020184,300.0,"✅ scoring — ~34.3% of bid side (29,161 resting ≥ 10,000 ✓) ≈ $1.91/day (pool ÷ 27 markets)"
enwc-uspres-nom-dem-2028-rahema,BUY,0.01,10000.0,0,0.3409943394939644,3.0087735837702745,300.0,"✅ scoring — ~34.1% of bid side (29,326 resting ≥ 10,000 ✓) ≈ $3.01/day (pool ÷ 17 markets)"
ewc-usp-2028-11-07-kamhar,BUY,0.01,10000.0,0,0.3409943394939644,1.8944129971886912,300.0,"✅ scoring — ~34.1% of bid side (29,326 resting ≥ 10,000 ✓) ≈ $1.89/day (pool ÷ 27 markets)"
usgubewc-usgub-ok-2026-11-03-dem,BUY,0.05,50.0,1,0.33108197589723215,2.069262349357701,25.0,"✅ scoring — ~33.1% of bid side (10,260 resting ≥ 2,000 ✓) ≈ $2.07/day (pool ÷ 2 markets)"
scc-senate-gop-2026-11-03-46,SELL,0.04,25.0,0,0.32509752925877766,1.2503751125337603,100.0,"✅ scoring — ~32.5% of ask side (77,371 resting ≥ 5,000 ✓) ≈ $1.25/day (pool ÷ 13 markets)"
scc-senate-gop-2026-11-03-48,SELL,0.2,5.0,0,0.3124999999,1.2019230765384616,100.0,"✅ scoring — ~31.2% of ask side (91,811 resting ≥ 5,000 ✓) ≈ $1.20/day (pool ÷ 13 markets)"
usgubewc-usgub-co-2026-11-03-rep,SELL,0.07,50.0,1,0.2976190476190476,1.8601190476190477,25.0,"✅ scoring — ~29.8% of ask side (137,645 resting ≥ 2,000 ✓) ≈ $1.86/day (pool ÷ 2 markets)"
scc-senate-gop-2026-11-03-50,BUY,0.23,5.0,0,0.27773269867323824,1.0682026872047625,100.0,"✅ scoring — ~27.8% of bid side (50,529 resting ≥ 5,000 ✓) ≈ $1.07/day (pool ÷ 13 markets)"
tec-cbb-champ-2027-04-05-w-wisc,BUY,0.01,5000.0,0,0.270706033820929,0.9270754582908527,500.0,"✅ scoring — ~27.1% of bid side (18,470 resting ≥ 2,500 ✓) ≈ $0.93/day (pool ÷ 73 markets)"
scc-hrep-rep-2026-11-03-gte220,BUY,0.14,50.0,0,0.2702702388725938,1.1261259953024743,100.0,"✅ scoring — ~27.0% of bid side (805,632 resting ≥ 5,000 ✓) ≈ $1.13/day (pool ÷ 12 markets)"
usgubewc-usgub-id-2026-11-03-rep,SELL,0.96,40.0,1,0.2694953800070136,1.6843461250438352,25.0,"✅ scoring — ~26.9% of ask side (8,116 resting ≥ 2,000 ✓) ≈ $1.68/day (pool ÷ 2 markets)"
ussewc-usse-ar-2026-11-03-rep,BUY,0.95,50.0,1,0.2564102564102564,1.6025641025641024,25.0,"✅ scoring — ~25.6% of bid side (500,305 resting ≥ 2,000 ✓) ≈ $1.60/day (pool ÷ 2 markets)"
ussewc-usse-la-2026-11-03-rep,BUY,0.95,25.0,0,0.24752475247524752,1.547029702970297,25.0,"✅ scoring — ~24.8% of bid side (510,301 resting ≥ 2,000 ✓) ≈ $1.55/day (pool ÷ 2 markets)"
usgubewc-usgub-fl-2026-11-03-rep,BUY,0.86,50.0,0,0.24509803921568626,1.531862745098039,25.0,"✅ scoring — ~24.5% of bid side (510,404 resting ≥ 2,000 ✓) ≈ $1.53/day (pool ÷ 2 markets)"
pntcbk-wnba-white-2027-06-30-roywhi,BUY,0.01,10000.0,0,0.24271844660194175,30.33980582524272,250.0,"✅ scoring — ~24.3% of bid side (41,200 resting ≥ 5,000 ✓) ≈ $30.34/day"
usgubewc-usgub-hi-2026-11-03-dem,SELL,0.96,40.0,1,0.24263636542856404,1.5164772839285252,25.0,"✅ scoring — ~24.3% of ask side (9,066 resting ≥ 2,000 ✓) ≈ $1.52/day (pool ÷ 2 markets)"
pntcbk-wnba-freedom-2027-06-30-enekan,BUY,0.02,5000.0,6,0.2317114120193241,28.963926502415514,250.0,"✅ scoring — ~23.2% of bid side (21,273 resting ≥ 5,000 ✓) ≈ $28.96/day"
scc-hrep-rep-2026-11-03-gte210,BUY,0.36,1.0,0,0.22726995043648732,0.9469581268186972,100.0,"✅ scoring — ~22.7% of bid side (400,489 resting ≥ 5,000 ✓) ≈ $0.95/day (pool ÷ 12 markets)"
tec-cbb-champ-2027-04-05-w-stmry,BUY,0.01,5000.0,0,0.22657241254304875,0.7759329196679752,500.0,"✅ scoring — ~22.7% of bid side (22,068 resting ≥ 2,500 ✓) ≈ $0.78/day (pool ÷ 73 markets)"
scc-hrep-rep-2026-11-03-gte205,SELL,0.42,25.0,0,0.22522522522522462,0.938438438438436,100.0,"✅ scoring — ~22.5% of ask side (82,382 resting ≥ 5,000 ✓) ≈ $0.94/day (pool ÷ 12 markets)"
pandc-anydis-2027-12-31,BUY,0.23,20.0,0,0.22471910106338125,2.8089887632922657,50.0,"✅ scoring — ~22.5% of bid side (10,125 resting ≥ 10,000 ✓) ≈ $2.81/day (pool ÷ 2 markets)"
pandc-anydis-2027-12-31,SELL,0.24,18.0,0,0.2222207884495103,2.7777598556188785,50.0,"✅ scoring — ~22.2% of ask side (14,698 resting ≥ 10,000 ✓) ≈ $2.78/day (pool ÷ 2 markets)"
ewc-usp-party-2028-11-07-dem,BUY,0.6,5.48,1,0.2148008780181787,16.1100658513634,300.0,"✅ scoring — ~21.5% of bid side (10,338 resting ≥ 10,000 ✓) ≈ $16.11/day (pool ÷ 2 markets)"
ussewc-usse-ok-2026-11-03-dem,SELL,0.04,40.0,1,0.20725388601036268,1.2953367875647668,25.0,"✅ scoring — ~20.7% of ask side (130,783 resting ≥ 2,000 ✓) ≈ $1.30/day (pool ÷ 2 markets)"
ewc-usp-party-2028-11-07-rep,BUY,0.49,25.0,2,0.1666666666666667,12.500000000000004,300.0,"✅ scoring — ~16.7% of bid side (10,330 resting ≥ 10,000 ✓) ≈ $12.50/day (pool ÷ 2 markets)"
scc-hrep-rep-2026-11-03-gte200,SELL,0.44,7.96,0,0.16254849908107005,0.677285412837792,100.0,"✅ scoring — ~16.3% of ask side (82,320 resting ≥ 5,000 ✓) ≈ $0.68/day (pool ÷ 12 markets)"
usgubewc-usgub-tn-2026-11-03-dem,SELL,0.1,50.0,1,0.15923566878980894,0.9952229299363059,25.0,"✅ scoring — ~15.9% of ask side (7,165 resting ≥ 2,000 ✓) ≈ $1.00/day (pool ÷ 2 markets)"
usgubewc-usgub-wy-2026-11-03-dem,SELL,0.07,50.0,1,0.15151515151515152,0.946969696969697,25.0,"✅ scoring — ~15.2% of ask side (9,039 resting ≥ 2,000 ✓) ≈ $0.95/day (pool ÷ 2 markets)"
ussewc-usse-nj-2026-11-03-rep,BUY,0.01,2000.0,0,0.1490757304710793,0.9317233154442457,25.0,"✅ scoring — ~14.9% of bid side (13,416 resting ≥ 2,000 ✓) ≈ $0.93/day (pool ÷ 2 markets)"
usgubewc-usgub-mn-2026-11-03-rep,BUY,0.06,488.89,0,0.14608732549244596,0.9130457843277873,25.0,"✅ scoring — ~14.6% of bid side (18,577 resting ≥ 2,000 ✓) ≈ $0.91/day (pool ÷ 2 markets)"
vsc-usgubp-fl-fshbck-atl-30pct,BUY,0.01,5000.0,0,0.14285714285714285,0.7142857142857142,100.0,"✅ scoring — ~14.3% of bid side (35,000 resting ≥ 5,000 ✓) ≈ $0.71/day (pool ÷ 10 markets)"
apdc-jerpowgov-2026-12-31,BUY,0.22,25.0,1,0.14030604227408972,3.507651056852243,100.0,"✅ scoring — ~14.0% of bid side (5,374 resting ≥ 5,000 ✓) ≈ $3.51/day (pool ÷ 2 markets)"
usgubewc-usgub-wy-2026-11-03-dem,BUY,0.04,200.0,0,0.1380071763731714,0.8625448523323211,25.0,"✅ scoring — ~13.8% of bid side (13,637 resting ≥ 2,000 ✓) ≈ $0.86/day (pool ÷ 2 markets)"
usgubewc-usgub-wy-2026-11-03-rep,BUY,0.95,50.0,1,0.13736263736263737,0.8585164835164836,25.0,"✅ scoring — ~13.7% of bid side (12,071 resting ≥ 2,000 ✓) ≈ $0.86/day (pool ÷ 2 markets)"
ussewc-usse-ky-2026-11-03-dem,SELL,0.07,50.0,0,0.136986301369863,0.8561643835616438,25.0,"✅ scoring — ~13.7% of ask side (72,691 resting ≥ 2,000 ✓) ≈ $0.86/day (pool ÷ 2 markets)"
ussewc-usse-va-2026-11-03-dem,BUY,0.95,50.0,0,0.12195121951219512,0.7621951219512195,25.0,"✅ scoring — ~12.2% of bid side (610,610 resting ≥ 2,000 ✓) ≈ $0.76/day (pool ÷ 2 markets)"
ussewc-usse-ky-2026-11-03-dem,BUY,0.05,350.0,0,0.11864406779661017,0.7415254237288136,25.0,"✅ scoring — ~11.9% of bid side (13,150 resting ≥ 2,000 ✓) ≈ $0.74/day (pool ÷ 2 markets)"
scc-hrep-rep-2026-11-03-gte210,SELL,0.38,5.0,0,0.10638295166318432,0.4432622985966013,100.0,"✅ scoring — ~10.6% of ask side (82,342 resting ≥ 5,000 ✓) ≈ $0.44/day (pool ÷ 12 markets)"
ussewc-usse-or-2026-11-03-rep,BUY,0.01,1300.0,0,0.10236220472440945,0.639763779527559,25.0,"✅ scoring — ~10.2% of bid side (12,700 resting ≥ 2,000 ✓) ≈ $0.64/day (pool ÷ 2 markets)"
scc-senate-gop-2026-11-03-gte57,SELL,0.04,75.0,0,0.1016260162601626,0.3908692933083177,100.0,"✅ scoring — ~10.2% of ask side (77,756 resting ≥ 5,000 ✓) ≈ $0.39/day (pool ÷ 13 markets)"
ussewc-usse-il-2026-11-03-rep,SELL,0.07,50.0,0,0.09487666034155598,0.5929791271347249,25.0,"✅ scoring — ~9.5% of ask side (337,551 resting ≥ 2,000 ✓) ≈ $0.59/day (pool ÷ 2 markets)"
scc-senate-gop-2026-11-03-54,BUY,0.01,5000.0,0,0.08863205289560917,0.34089251113695834,100.0,"✅ scoring — ~8.9% of bid side (56,413 resting ≥ 5,000 ✓) ≈ $0.34/day (pool ÷ 13 markets)"
scc-senate-gop-2026-11-03-50,SELL,0.3,25.0,2,0.08858965272856104,0.34072943357138863,100.0,"✅ scoring — ~8.9% of ask side (91,834 resting ≥ 5,000 ✓) ≈ $0.34/day (pool ÷ 13 markets)"
ussewc-usse-la-2026-11-03-dem,SELL,0.08,50.0,0,0.08741258741258741,0.5463286713286714,25.0,"✅ scoring — ~8.7% of ask side (77,898 resting ≥ 2,000 ✓) ≈ $0.55/day (pool ÷ 2 markets)"
usgubewc-usgub-md-2026-11-03-dem,BUY,0.95,25.0,0,0.08445945945945946,0.5278716216216216,25.0,"✅ scoring — ~8.4% of bid side (510,496 resting ≥ 2,000 ✓) ≈ $0.53/day (pool ÷ 2 markets)"
usgubewc-usgub-ma-2026-11-03-rep,SELL,0.09,50.0,1,0.07836990595611286,0.48981191222570536,25.0,"✅ scoring — ~7.8% of ask side (7,202 resting ≥ 2,000 ✓) ≈ $0.49/day (pool ÷ 2 markets)"
ussewc-usse-fl-2026-11-03-rep,BUY,0.81,50.0,0,0.07656967840735068,0.47856049004594176,25.0,"✅ scoring — ~7.7% of bid side (510,878 resting ≥ 2,000 ✓) ≈ $0.48/day (pool ÷ 2 markets)"
scc-senate-gop-2026-11-03-51,SELL,0.14,50.0,0,0.075088602461014,0.2888023171577461,100.0,"✅ scoring — ~7.5% of ask side (79,062 resting ≥ 5,000 ✓) ≈ $0.29/day (pool ÷ 13 markets)"
scc-senate-gop-2026-11-03-lte45,SELL,0.07,75.0,0,0.0748502994011976,0.2878857669276831,100.0,"✅ scoring — ~7.5% of ask side (78,273 resting ≥ 5,000 ✓) ≈ $0.29/day (pool ÷ 13 markets)"
scc-hrep-rep-2026-11-03-gte230,SELL,0.08,50.0,0,0.0729500949804802,0.3039587290853342,100.0,"✅ scoring — ~7.3% of ask side (69,489 resting ≥ 5,000 ✓) ≈ $0.30/day (pool ÷ 12 markets)"
usgubewc-usgub-ct-2026-11-03-dem,SELL,0.96,35.0,0,0.07256747650519096,0.4535467281574435,25.0,"✅ scoring — ~7.3% of ask side (19,827 resting ≥ 2,000 ✓) ≈ $0.45/day (pool ÷ 2 markets)"
ussewc-usse-nm-2026-11-03-dem,BUY,0.93,50.0,0,0.07194244604316546,0.44964028776978415,25.0,"✅ scoring — ~7.2% of bid side (560,895 resting ≥ 2,000 ✓) ≈ $0.45/day (pool ÷ 2 markets)"
scc-hrep-rep-2026-11-03-gte235,SELL,0.06,75.0,0,0.06952848202709051,0.28970200844621047,100.0,"✅ scoring — ~7.0% of ask side (139,531 resting ≥ 5,000 ✓) ≈ $0.29/day (pool ÷ 12 markets)"
ewc-usgub-ca-2026-11-03-stehil,BUY,0.06,200.0,0,0.06821330792524039,5.115998094393029,300.0,"✅ scoring — ~6.8% of bid side (48,717 resting ≥ 10,000 ✓) ≈ $5.12/day (pool ÷ 2 markets)"
scc-senate-gop-2026-11-03-53,SELL,0.08,50.0,0,0.06730912497723983,0.25888124991246086,100.0,"✅ scoring — ~6.7% of ask side (78,650 resting ≥ 5,000 ✓) ≈ $0.26/day (pool ÷ 13 markets)"
scc-senate-gop-2026-11-03-56,SELL,0.05,50.0,0,0.06720430107526881,0.2584780810587262,100.0,"✅ scoring — ~6.7% of ask side (77,762 resting ≥ 5,000 ✓) ≈ $0.26/day (pool ÷ 13 markets)"
ussewc-usse-mt-2026-11-03-rep,SELL,0.9,50.0,0,0.06542789845590159,0.27261624356625663,25.0,"✅ scoring — ~6.5% of ask side (11,119 resting ≥ 2,000 ✓) ≈ $0.27/day (pool ÷ 3 markets)"
usgubewc-usgub-sc-2026-11-03-dem,SELL,0.07,50.0,1,0.06313131313131314,0.39457070707070707,25.0,"✅ scoring — ~6.3% of ask side (202,961 resting ≥ 2,000 ✓) ≈ $0.39/day (pool ÷ 2 markets)"
usgubewc-usgub-il-2026-11-03-rep,SELL,0.09,75.0,2,0.06302521008403363,0.3939075630252102,25.0,"✅ scoring — ~6.3% of ask side (215,241 resting ≥ 2,000 ✓) ≈ $0.39/day (pool ÷ 2 markets)"
scc-hrep-rep-2026-11-03-gte180,BUY,0.84,50.0,0,0.06299847543689444,0.26249364765372685,100.0,"✅ scoring — ~6.3% of bid side (100,994 resting ≥ 5,000 ✓) ≈ $0.26/day (pool ÷ 12 markets)"
scc-senate-gop-2026-11-03-55,SELL,0.04,50.0,0,0.062148858946949735,0.2390340728728836,100.0,"✅ scoring — ~6.2% of ask side (78,219 resting ≥ 5,000 ✓) ≈ $0.24/day (pool ÷ 13 markets)"
ussewc-usse-de-2026-11-03-rep,SELL,0.05,50.0,1,0.06127450980392157,0.38296568627450983,25.0,"✅ scoring — ~6.1% of ask side (137,915 resting ≥ 2,000 ✓) ≈ $0.38/day (pool ÷ 2 markets)"
usgubewc-usgub-ok-2026-11-03-dem,SELL,0.09,25.0,2,0.0580046403712297,0.36252900232018564,25.0,"✅ scoring — ~5.8% of ask side (137,611 resting ≥ 2,000 ✓) ≈ $0.36/day (pool ÷ 2 markets)"
usgubewc-usgub-tx-2026-11-03-rep,BUY,0.86,15.0,0,0.057537399309551214,0.3596087456846951,25.0,"✅ scoring — ~5.8% of bid side (10,602 resting ≥ 2,000 ✓) ≈ $0.36/day (pool ÷ 2 markets)"
ussewc-usse-ky-2026-11-03-rep,BUY,0.93,25.0,0,0.05587591077734567,0.34922444235841044,25.0,"✅ scoring — ~5.6% of bid side (510,672 resting ≥ 2,000 ✓) ≈ $0.35/day (pool ÷ 2 markets)"
usgubewc-usgub-ma-2026-11-03-rep,BUY,0.06,300.0,0,0.05556934498560754,0.3473084061600471,25.0,"✅ scoring — ~5.6% of bid side (15,599 resting ≥ 2,000 ✓) ≈ $0.35/day (pool ÷ 2 markets)"
ussewc-usse-sc-2026-11-03-rep,BUY,0.9,5.75,0,0.05336426914153132,0.33352668213457076,25.0,"✅ scoring — ~5.3% of bid side (710,533 resting ≥ 2,000 ✓) ≈ $0.33/day (pool ÷ 2 markets)"
usgubewc-usgub-ar-2026-11-03-rep,SELL,0.97,40.0,1,0.05164889084006921,0.32280556775043256,25.0,"✅ scoring — ~5.2% of ask side (8,551 resting ≥ 2,000 ✓) ≈ $0.32/day (pool ÷ 2 markets)"
usgubewc-usgub-vt-2026-11-03-dem,BUY,0.06,200.0,0,0.05143159854551439,0.32144749090946495,25.0,"✅ scoring — ~5.1% of bid side (24,089 resting ≥ 2,000 ✓) ≈ $0.32/day (pool ÷ 2 markets)"
scc-hrep-rep-2026-11-03-gte225,SELL,0.08,25.0,0,0.05059274459568302,0.2108031024820126,100.0,"✅ scoring — ~5.1% of ask side (69,146 resting ≥ 5,000 ✓) ≈ $0.21/day (pool ÷ 12 markets)"
enwc-uspres-nom-dem-2028-jonoss,BUY,0.1,25.0,1,0.04623847915395059,0.40798658077015226,300.0,"✅ scoring — ~4.6% of bid side (10,360 resting ≥ 10,000 ✓) ≈ $0.41/day (pool ÷ 17 markets)"
scc-hrep-rep-2026-11-03-gte190,BUY,0.74,17.38,0,0.041050592848032495,0.1710441368668021,100.0,"✅ scoring — ~4.1% of bid side (500,631 resting ≥ 5,000 ✓) ≈ $0.17/day (pool ÷ 12 markets)"
apdc-alito-2026-12-31,SELL,0.1,92.1,0,0.040172541528218676,1.0043135382054669,100.0,"✅ scoring — ~4.0% of ask side (12,985 resting ≥ 5,000 ✓) ≈ $1.00/day (pool ÷ 2 markets)"
ussewc-usse-ma-2026-11-03-dem,BUY,0.96,25.0,0,0.03949447077409163,0.24684044233807267,25.0,"✅ scoring — ~3.9% of bid side (610,833 resting ≥ 2,000 ✓) ≈ $0.25/day (pool ÷ 2 markets)"
ussewc-usse-sc-2026-11-03-dem,SELL,0.1,40.0,2,0.03846153846153847,0.24038461538461545,25.0,"✅ scoring — ~3.8% of ask side (202,876 resting ≥ 2,000 ✓) ≈ $0.24/day (pool ÷ 2 markets)"
scc-senate-gop-2026-11-03-52,SELL,0.14,25.0,2,0.03844682882312867,0.1478724185504949,100.0,"✅ scoring — ~3.8% of ask side (78,366 resting ≥ 5,000 ✓) ≈ $0.15/day (pool ÷ 13 markets)"
ussewc-usse-sc-2026-11-03-rep,BUY,0.89,40.0,1,0.037122969837587005,0.23201856148491878,25.0,"✅ scoring — ~3.7% of bid side (710,533 resting ≥ 2,000 ✓) ≈ $0.23/day (pool ÷ 2 markets)"
scc-hrep-rep-2026-11-03-gte220,SELL,0.16,20.0,0,0.03558707926913851,0.1482794969547438,100.0,"✅ scoring — ~3.6% of ask side (69,237 resting ≥ 5,000 ✓) ≈ $0.15/day (pool ÷ 12 markets)"
ussewc-usse-wy-2026-11-03-rep,BUY,0.95,20.0,1,0.033277870216306155,0.20798668885191346,25.0,"✅ scoring — ~3.3% of bid side (500,306 resting ≥ 2,000 ✓) ≈ $0.21/day (pool ÷ 2 markets)"
ussewc-usse-fl-2026-11-03-rep,SELL,0.82,50.0,0,0.029266294009189616,0.1829143375574351,25.0,"✅ scoring — ~2.9% of ask side (59,443 resting ≥ 2,000 ✓) ≈ $0.18/day (pool ÷ 2 markets)"
scc-senate-gop-2026-11-03-47,SELL,0.15,25.0,0,0.028105361378736607,0.10809754376437157,100.0,"✅ scoring — ~2.8% of ask side (77,901 resting ≥ 5,000 ✓) ≈ $0.11/day (pool ÷ 13 markets)"
usgubewc-usgub-hi-2026-11-03-dem,SELL,0.97,40.0,2,0.02426363654285641,0.15164772839285257,25.0,"✅ scoring — ~2.4% of ask side (9,066 resting ≥ 2,000 ✓) ≈ $0.15/day (pool ÷ 2 markets)"
usgubewc-usgub-nh-2026-11-03-rep,BUY,0.8,25.0,2,0.024037605982790398,0.15023503739243999,25.0,"✅ scoring — ~2.4% of bid side (10,381 resting ≥ 2,000 ✓) ≈ $0.15/day (pool ÷ 2 markets)"
ussewc-usse-or-2026-11-03-dem,SELL,0.96,40.0,0,0.023570082635531214,0.1473130164720701,25.0,"✅ scoring — ~2.4% of ask side (8,767 resting ≥ 2,000 ✓) ≈ $0.15/day (pool ÷ 2 markets)"
usgubewc-usgub-vt-2026-11-03-rep,SELL,0.94,232.75,0,0.02200860297614939,0.13755376860093368,25.0,"✅ scoring — ~2.2% of ask side (30,155 resting ≥ 2,000 ✓) ≈ $0.14/day (pool ÷ 2 markets)"
ussewc-usse-wy-2026-11-03-rep,SELL,0.99,142.77,1,0.020577294209041787,0.12860808880651117,25.0,"✅ scoring — ~2.1% of ask side (3,338 resting ≥ 2,000 ✓) ≈ $0.13/day (pool ÷ 2 markets)"
ussewc-usse-wy-2026-11-03-rep,SELL,0.99,142.77,1,0.020577294209041787,0.12860808880651117,25.0,"✅ scoring — ~2.1% of ask side (3,338 resting ≥ 2,000 ✓) ≈ $0.13/day (pool ÷ 2 markets)"
ussewc-usse-wy-2026-11-03-rep,SELL,0.99,142.77,1,0.020577294209041787,0.12860808880651117,25.0,"✅ scoring — ~2.1% of ask side (3,338 resting ≥ 2,000 ✓) ≈ $0.13/day (pool ÷ 2 markets)"
ussewc-usse-wy-2026-11-03-rep,SELL,0.99,142.77,1,0.020577294209041787,0.12860808880651117,25.0,"✅ scoring — ~2.1% of ask side (3,338 resting ≥ 2,000 ✓) ≈ $0.13/day (pool ÷ 2 markets)"
ussewc-usse-wy-2026-11-03-rep,SELL,0.99,142.77,1,0.020577294209041787,0.12860808880651117,25.0,"✅ scoring — ~2.1% of ask side (3,338 resting ≥ 2,000 ✓) ≈ $0.13/day (pool ÷ 2 markets)"
ussewc-usse-wy-2026-11-03-rep,SELL,0.99,142.77,1,0.020577294209041787,0.12860808880651117,25.0,"✅ scoring — ~2.1% of ask side (3,338 resting ≥ 2,000 ✓) ≈ $0.13/day (pool ÷ 2 markets)"
ussewc-usse-wy-2026-11-03-rep,SELL,0.99,142.77,1,0.020577294209041787,0.12860808880651117,25.0,"✅ scoring — ~2.1% of ask side (3,338 resting ≥ 2,000 ✓) ≈ $0.13/day (pool ÷ 2 markets)"
ussewc-usse-wy-2026-11-03-rep,SELL,0.99,142.77,1,0.020577294209041787,0.12860808880651117,25.0,"✅ scoring — ~2.1% of ask side (3,338 resting ≥ 2,000 ✓) ≈ $0.13/day (pool ÷ 2 markets)"
ussewc-usse-wy-2026-11-03-rep,SELL,0.99,142.77,1,0.020577294209041787,0.12860808880651117,25.0,"✅ scoring — ~2.1% of ask side (3,338 resting ≥ 2,000 ✓) ≈ $0.13/day (pool ÷ 2 markets)"
ussewc-usse-wy-2026-11-03-rep,SELL,0.99,142.77,1,0.020577294209041787,0.12860808880651117,25.0,"✅ scoring — ~2.1% of ask side (3,338 resting ≥ 2,000 ✓) ≈ $0.13/day (pool ÷ 2 markets)"
ussewc-usse-wy-2026-11-03-rep,SELL,0.99,142.77,1,0.020577294209041787,0.12860808880651117,25.0,"✅ scoring — ~2.1% of ask side (3,338 resting ≥ 2,000 ✓) ≈ $0.13/day (pool ÷ 2 markets)"
ussewc-usse-wy-2026-11-03-rep,SELL,0.99,142.77,1,0.020577294209041787,0.12860808880651117,25.0,"✅ scoring — ~2.1% of ask side (3,338 resting ≥ 2,000 ✓) ≈ $0.13/day (pool ÷ 2 markets)"
usgubewc-usgub-co-2026-11-03-dem,SELL,0.96,40.0,0,0.01956956736578946,0.12230979603618412,25.0,"✅ scoring — ~2.0% of ask side (11,812 resting ≥ 2,000 ✓) ≈ $0.12/day (pool ÷ 2 markets)"
ussewc-usse-ms-2026-11-03-rep,BUY,0.86,10.0,0,0.01923076919378698,0.12019230746116863,25.0,"✅ scoring — ~1.9% of bid side (511,732 resting ≥ 2,000 ✓) ≈ $0.12/day (pool ÷ 2 markets)"
apdc-alito-2026-12-31,BUY,0.09,20.0,0,0.018515566725725404,0.4628891681431351,100.0,"✅ scoring — ~1.9% of bid side (21,885 resting ≥ 5,000 ✓) ≈ $0.46/day (pool ÷ 2 markets)"
ussewc-usse-wy-2026-11-03-dem,SELL,0.04,85.0,1,0.017514939212858027,0.10946837008036267,25.0,"✅ scoring — ~1.8% of ask side (136,312 resting ≥ 2,000 ✓) ≈ $0.11/day (pool ÷ 2 markets)"
scc-senate-gop-2026-11-03-47,BUY,0.01,5000.0,0,0.017121294095892945,0.06585113113804979,100.0,"✅ scoring — ~1.7% of bid side (292,034 resting ≥ 5,000 ✓) ≈ $0.07/day (pool ÷ 13 markets)"
ewc-usgub-ca-2026-11-03-stehil,BUY,0.06,50.0,0,0.017053326981310096,1.2789995235982572,300.0,"✅ scoring — ~1.7% of bid side (48,717 resting ≥ 10,000 ✓) ≈ $1.28/day (pool ÷ 2 markets)"
ewc-usse-ak-2026-11-03-dem,BUY,0.54,20.0,0,0.016153784023907602,0.10096115014942252,25.0,"✅ scoring — ~1.6% of bid side (60,927 resting ≥ 2,000 ✓) ≈ $0.10/day (pool ÷ 2 markets)"
usgubewc-usgub-ct-2026-11-03-dem,BUY,0.95,5.14,0,0.015955795616812565,0.09972372260507853,25.0,"✅ scoring — ~1.6% of bid side (510,522 resting ≥ 2,000 ✓) ≈ $0.10/day (pool ÷ 2 markets)"
ussewc-usse-il-2026-11-03-dem,BUY,0.95,40.0,1,0.014864362690449646,0.09290226681531029,25.0,"✅ scoring — ~1.5% of bid side (500,542 resting ≥ 2,000 ✓) ≈ $0.09/day (pool ÷ 2 markets)"
scc-senate-gop-2026-11-03-46,BUY,0.03,500.0,0,0.013088892164020573,0.05034189293854067,100.0,"✅ scoring — ~1.3% of bid side (58,400 resting ≥ 5,000 ✓) ≈ $0.05/day (pool ÷ 13 markets)"
opdc-mcconnell-resign-2026-11-02,BUY,0.08,10.0,0,0.01167406023815083,0.14592575297688537,25.0,"✅ scoring — ~1.2% of bid side (22,697 resting ≥ 2,000 ✓) ≈ $0.15/day"
usgubewc-usgub-il-2026-11-03-rep,BUY,0.04,400.0,2,0.009985022466300552,0.06240639041437845,25.0,"✅ scoring — ~1.0% of bid side (13,961 resting ≥ 2,000 ✓) ≈ $0.06/day (pool ÷ 2 markets)"
usgubewc-usgub-ne-2026-11-03-dem,SELL,0.11,50.0,2,0.009782821365681866,0.06114263353551166,25.0,"✅ scoring — ~1.0% of ask side (272,805 resting ≥ 2,000 ✓) ≈ $0.06/day (pool ÷ 2 markets)"
ussewc-usse-tn-2026-11-03-dem,SELL,0.09,50.0,2,0.008826125330979703,0.05516328331862314,25.0,"✅ scoring — ~0.9% of ask side (534,308 resting ≥ 2,000 ✓) ≈ $0.06/day (pool ÷ 2 markets)"
ewc-usgub-ca-2026-11-03-stehil,SELL,0.07,50.0,0,0.007385840752410369,0.5539380564307776,300.0,"✅ scoring — ~0.7% of ask side (394,355 resting ≥ 10,000 ✓) ≈ $0.55/day (pool ÷ 2 markets)"
ussewc-usse-mt-2026-11-03-rep,BUY,0.88,25.0,1,0.006706008583689257,0.027941702432038574,25.0,"✅ scoring — ~0.7% of bid side (510,635 resting ≥ 2,000 ✓) ≈ $0.03/day (pool ÷ 3 markets)"
ewc-usse-tx-2026-11-03-dem,BUY,0.53,30.0,0,0.005590006558941029,0.4192504919205772,300.0,"✅ scoring — ~0.6% of bid side (647,027 resting ≥ 10,000 ✓) ≈ $0.42/day (pool ÷ 2 markets)"
ussewc-usse-al-2026-11-03-dem,BUY,0.03,200.0,3,0.005354465624330693,0.03346541015206683,25.0,"✅ scoring — ~0.5% of bid side (15,437 resting ≥ 2,000 ✓) ≈ $0.03/day (pool ÷ 2 markets)"
usgubewc-usgub-md-2026-11-03-rep,SELL,0.1,20.0,3,0.004970178926441353,0.031063618290258457,25.0,"✅ scoring — ~0.5% of ask side (65,503 resting ≥ 2,000 ✓) ≈ $0.03/day (pool ÷ 2 markets)"
ussewc-usse-ma-2026-11-03-rep,SELL,0.06,50.0,2,0.004561211457763182,0.02850757161101989,25.0,"✅ scoring — ~0.5% of ask side (65,646 resting ≥ 2,000 ✓) ≈ $0.03/day (pool ÷ 2 markets)"
scc-senate-gop-2026-11-03-54,SELL,0.08,50.0,2,0.0044543429844098,0.017132088401576154,100.0,"✅ scoring — ~0.4% of ask side (77,779 resting ≥ 5,000 ✓) ≈ $0.02/day (pool ÷ 13 markets)"
usgubewc-usgub-sd-2026-11-03-rep,SELL,0.99,191.6,0,0.004052293193987463,0.02532683246242164,25.0,"✅ scoring — ~0.4% of ask side (47,282 resting ≥ 2,000 ✓) ≈ $0.03/day (pool ÷ 2 markets)"
enwc-uspres-nom-dem-2028-jonoss,BUY,0.1,2.0,1,0.0036990783323160473,0.032638926461612185,300.0,"✅ scoring — ~0.4% of bid side (10,360 resting ≥ 10,000 ✓) ≈ $0.03/day (pool ÷ 17 markets)"
usgubewc-usgub-sd-2026-11-03-rep,SELL,0.99,166.54,0,0.003522280315901211,0.02201425197438257,25.0,"✅ scoring — ~0.4% of ask side (47,282 resting ≥ 2,000 ✓) ≈ $0.02/day (pool ÷ 2 markets)"
usgubewc-usgub-sd-2026-11-03-rep,SELL,0.99,165.18,0,0.003493516648135956,0.021834479050849724,25.0,"✅ scoring — ~0.3% of ask side (47,282 resting ≥ 2,000 ✓) ≈ $0.02/day (pool ÷ 2 markets)"
usgubewc-usgub-sd-2026-11-03-rep,SELL,0.99,156.07,0,0.003300842373620163,0.02063026483512602,25.0,"✅ scoring — ~0.3% of ask side (47,282 resting ≥ 2,000 ✓) ≈ $0.02/day (pool ÷ 2 markets)"
scc-hrep-rep-2026-11-03-gte205,BUY,0.38,4.0,3,0.00324622621981852,0.013525942582577168,100.0,"✅ scoring — ~0.3% of bid side (400,274 resting ≥ 5,000 ✓) ≈ $0.01/day (pool ÷ 12 markets)"
usgubewc-usgub-ar-2026-11-03-rep,SELL,0.99,210.41,3,0.0027168607804147413,0.016980379877592135,25.0,"✅ scoring — ~0.3% of ask side (8,551 resting ≥ 2,000 ✓) ≈ $0.02/day (pool ÷ 2 markets)"
usgubewc-usgub-id-2026-11-03-rep,SELL,0.98,40.0,3,0.0026949538000701364,0.01684346125043835,25.0,"✅ scoring — ~0.3% of ask side (8,116 resting ≥ 2,000 ✓) ≈ $0.02/day (pool ÷ 2 markets)"
usgubewc-usgub-il-2026-11-03-dem,SELL,0.97,40.0,0,0.0020852524171985362,0.013032827607490851,25.0,"✅ scoring — ~0.2% of ask side (26,847 resting ≥ 2,000 ✓) ≈ $0.01/day (pool ÷ 2 markets)"
usgubewc-usgub-ma-2026-11-03-dem,SELL,0.94,50.0,2,0.002072015382547319,0.012950096140920743,25.0,"✅ scoring — ~0.2% of ask side (9,869 resting ≥ 2,000 ✓) ≈ $0.01/day (pool ÷ 2 markets)"
usgubewc-usgub-ar-2026-11-03-rep,SELL,0.99,159.0,3,0.0020530434108927517,0.012831521318079698,25.0,"✅ scoring — ~0.2% of ask side (8,551 resting ≥ 2,000 ✓) ≈ $0.01/day (pool ÷ 2 markets)"
usgubewc-usgub-tx-2026-11-03-rep,SELL,0.87,10.0,0,0.0019076979427385386,0.011923112142115866,25.0,"✅ scoring — ~0.2% of ask side (12,328 resting ≥ 2,000 ✓) ≈ $0.01/day (pool ÷ 2 markets)"
usgubewc-usgub-id-2026-11-03-rep,SELL,0.99,206.54,4,0.0013915393946662149,0.008697121216663843,25.0,"✅ scoring — ~0.1% of ask side (8,116 resting ≥ 2,000 ✓) ≈ $0.01/day (pool ÷ 2 markets)"
usgubewc-usgub-id-2026-11-03-rep,SELL,0.99,206.53,4,0.0013914720208212134,0.008696700130132583,25.0,"✅ scoring — ~0.1% of ask side (8,116 resting ≥ 2,000 ✓) ≈ $0.01/day (pool ÷ 2 markets)"
usgubewc-usgub-wy-2026-11-03-dem,BUY,0.01,2000.0,3,0.0013800717637317142,0.008625448523323214,25.0,"✅ scoring — ~0.1% of bid side (13,637 resting ≥ 2,000 ✓) ≈ $0.01/day (pool ÷ 2 markets)"
usgubewc-usgub-id-2026-11-03-rep,SELL,0.99,191.6,4,0.0012908828702335954,0.00806801793895997,25.0,"✅ scoring — ~0.1% of ask side (8,116 resting ≥ 2,000 ✓) ≈ $0.01/day (pool ÷ 2 markets)"
ewc-usp-party-2028-11-07-dem,BUY,0.57,4.0,4,0.001254311696456518,0.09407337723423885,300.0,"✅ scoring — ~0.1% of bid side (10,338 resting ≥ 10,000 ✓) ≈ $0.09/day (pool ÷ 2 markets)"
usgubewc-usgub-hi-2026-11-03-dem,SELL,0.99,191.32,4,0.0011605297358448221,0.0072533108490301385,25.0,"✅ scoring — ~0.1% of ask side (9,066 resting ≥ 2,000 ✓) ≈ $0.01/day (pool ÷ 2 markets)"
ussewc-usse-nj-2026-11-03-dem,BUY,0.93,25.0,2,0.0011438506588579798,0.007149066617862373,25.0,"✅ scoring — ~0.1% of bid side (510,474 resting ≥ 2,000 ✓) ≈ $0.01/day (pool ÷ 2 markets)"
usgubewc-usgub-id-2026-11-03-rep,SELL,0.99,165.18,4,0.001112881171738963,0.006955507323368518,25.0,"✅ scoring — ~0.1% of ask side (8,116 resting ≥ 2,000 ✓) ≈ $0.01/day (pool ÷ 2 markets)"
usgubewc-usgub-hi-2026-11-03-dem,SELL,0.99,176.52,4,0.0010707542806362535,0.006692214253976585,25.0,"✅ scoring — ~0.1% of ask side (9,066 resting ≥ 2,000 ✓) ≈ $0.01/day (pool ÷ 2 markets)"
usgubewc-usgub-id-2026-11-03-rep,SELL,0.99,156.18,4,0.0010522447112373849,0.006576529445233656,25.0,"✅ scoring — ~0.1% of ask side (8,116 resting ≥ 2,000 ✓) ≈ $0.01/day (pool ÷ 2 markets)"
usgubewc-usgub-hi-2026-11-03-dem,SELL,0.99,147.49,4,0.0008946609384264731,0.005591630865165457,25.0,"✅ scoring — ~0.1% of ask side (9,066 resting ≥ 2,000 ✓) ≈ $0.01/day (pool ÷ 2 markets)"
usgubewc-usgub-vt-2026-11-03-dem,SELL,0.12,25.0,3,0.0004899559039686429,0.003062224399804018,25.0,"✅ scoring — ~0.0% of ask side (337,100 resting ≥ 2,000 ✓) ≈ $0.00/day (pool ÷ 2 markets)"
ussewc-usse-ms-2026-11-03-rep,SELL,0.9,15.0,2,0.0004867759206270136,0.003042349503918835,25.0,"✅ scoring — ~0.0% of ask side (7,900 resting ≥ 2,000 ✓) ≈ $0.00/day (pool ÷ 2 markets)"
paccc-usse-midterms-2026-11-03-rep,SELL,0.507,20.0,0,0.0004114803003806193,0.030861022528546448,300.0,"✅ scoring — ~0.0% of ask side (821,261 resting ≥ 10,000 ✓) ≈ $0.03/day (pool ÷ 2 markets)"
usgubewc-usgub-ct-2026-11-03-dem,SELL,0.99,167.87,3,0.00034805435088361176,0.0021753396930225734,25.0,"✅ scoring — ~0.0% of ask side (19,827 resting ≥ 2,000 ✓) ≈ $0.00/day (pool ÷ 2 markets)"
usgubewc-usgub-hi-2026-11-03-dem,SELL,0.99,53.0,4,0.0003214931841928474,0.0020093324012052964,25.0,"✅ scoring — ~0.0% of ask side (9,066 resting ≥ 2,000 ✓) ≈ $0.00/day (pool ÷ 2 markets)"
apdc-jerpowgov-2026-12-31,BUY,0.18,25.0,5,0.00022448966763854357,0.005612241690963589,100.0,"✅ scoring — ~0.0% of bid side (5,374 resting ≥ 5,000 ✓) ≈ $0.01/day (pool ÷ 2 markets)"
usgubewc-usgub-sd-2026-11-03-dem,BUY,0.01,1660.0,5,0.0002071928366197113,0.0012949552288731958,25.0,"✅ scoring — ~0.0% of bid side (11,940 resting ≥ 2,000 ✓) ≈ $0.00/day (pool ÷ 2 markets)"
usgubewc-usgub-id-2026-11-03-rep,SELL,0.99,23.0,4,0.00015495984350403285,0.0009684990219002053,25.0,"✅ scoring — ~0.0% of ask side (8,116 resting ≥ 2,000 ✓) ≈ $0.00/day (pool ÷ 2 markets)"
usgubewc-usgub-mn-2026-11-03-dem,BUY,0.91,25.0,4,0.00011903344839900014,0.0007439590524937509,25.0,"✅ scoring — ~0.0% of bid side (590,246 resting ≥ 2,000 ✓) ≈ $0.00/day (pool ÷ 2 markets)"
usgubewc-usgub-ct-2026-11-03-dem,SELL,0.99,55.27,3,0.00011459441218405445,0.0007162150761503402,25.0,"✅ scoring — ~0.0% of ask side (19,827 resting ≥ 2,000 ✓) ≈ $0.00/day (pool ÷ 2 markets)"
usgubewc-usgub-hi-2026-11-03-dem,SELL,0.99,11.0,4,6.672500049285513e-05,0.00041703125308034455,25.0,"✅ scoring — ~0.0% of ask side (9,066 resting ≥ 2,000 ✓) ≈ $0.00/day (pool ÷ 2 markets)"
usgubewc-usgub-ri-2026-11-03-dem,SELL,0.99,156.43,5,2.366987193975872e-05,9.862446641566134e-05,25.0,"✅ scoring — ~0.0% of ask side (8,889 resting ≥ 2,000 ✓) ≈ $0.00/day (pool ÷ 3 markets)"
usgubewc-usgub-ri-2026-11-03-dem,SELL,0.99,156.43,5,2.366987193975872e-05,9.862446641566134e-05,25.0,"✅ scoring — ~0.0% of ask side (8,889 resting ≥ 2,000 ✓) ≈ $0.00/day (pool ÷ 3 markets)"
usgubewc-usgub-ct-2026-11-03-dem,SELL,0.99,11.0,3,2.280692118734574e-05,0.00014254325742091086,25.0,"✅ scoring — ~0.0% of ask side (19,827 resting ≥ 2,000 ✓) ≈ $0.00/day (pool ÷ 2 markets)"
usgubewc-usgub-ri-2026-11-03-dem,SELL,0.99,148.43,5,2.2459368995834477e-05,9.358070414931033e-05,25.0,"✅ scoring — ~0.0% of ask side (8,889 resting ≥ 2,000 ✓) ≈ $0.00/day (pool ÷ 3 markets)"
usgubewc-usgub-ri-2026-11-03-dem,SELL,0.99,148.43,5,2.2459368995834477e-05,9.358070414931033e-05,25.0,"✅ scoring — ~0.0% of ask side (8,889 resting ≥ 2,000 ✓) ≈ $0.00/day (pool ÷ 3 markets)"
usgubewc-usgub-ri-2026-11-03-dem,SELL,0.99,148.43,5,2.2459368995834477e-05,9.358070414931033e-05,25.0,"✅ scoring — ~0.0% of ask side (8,889 resting ≥ 2,000 ✓) ≈ $0.00/day (pool ÷ 3 markets)"
usgubewc-usgub-ri-2026-11-03-dem,SELL,0.99,148.43,5,2.2459368995834477e-05,9.358070414931033e-05,25.0,"✅ scoring — ~0.0% of ask side (8,889 resting ≥ 2,000 ✓) ≈ $0.00/day (pool ÷ 3 markets)"
usgubewc-usgub-ri-2026-11-03-dem,SELL,0.99,148.43,5,2.2459368995834477e-05,9.358070414931033e-05,25.0,"✅ scoring — ~0.0% of ask side (8,889 resting ≥ 2,000 ✓) ≈ $0.00/day (pool ÷ 3 markets)"
usgubewc-usgub-ri-2026-11-03-dem,SELL,0.99,148.43,5,2.2459368995834477e-05,9.358070414931033e-05,25.0,"✅ scoring — ~0.0% of ask side (8,889 resting ≥ 2,000 ✓) ≈ $0.00/day (pool ÷ 3 markets)"
usgubewc-usgub-ri-2026-11-03-dem,SELL,0.99,148.43,5,2.2459368995834477e-05,9.358070414931033e-05,25.0,"✅ scoring — ~0.0% of ask side (8,889 resting ≥ 2,000 ✓) ≈ $0.00/day (pool ÷ 3 markets)"
usgubewc-usgub-ri-2026-11-03-dem,SELL,0.99,148.43,5,2.2459368995834477e-05,9.358070414931033e-05,25.0,"✅ scoring — ~0.0% of ask side (8,889 resting ≥ 2,000 ✓) ≈ $0.00/day (pool ÷ 3 markets)"
usgubewc-usgub-ri-2026-11-03-dem,SELL,0.99,148.43,5,2.2459368995834477e-05,9.358070414931033e-05,25.0,"✅ scoring — ~0.0% of ask side (8,889 resting ≥ 2,000 ✓) ≈ $0.00/day (pool ÷ 3 markets)"
ussewc-usse-al-2026-11-03-dem,SELL,0.12,20.0,5,2.2221728406035426e-05,0.00013888580253772141,25.0,"✅ scoring — ~0.0% of ask side (210,430 resting ≥ 2,000 ✓) ≈ $0.00/day (pool ÷ 2 markets)"
usgubewc-usgub-ri-2026-11-03-dem,SELL,0.99,98.0,5,1.4828661063072009e-05,6.178608776280005e-05,25.0,"✅ scoring — ~0.0% of ask side (8,889 resting ≥ 2,000 ✓) ≈ $0.00/day (pool ÷ 3 markets)"
enwc-uspres-nom-dem-2028-jonoss,BUY,0.01,10000.0,10,9.469640530729086e-06,8.355565174172723e-05,300.0,"✅ scoring — ~0.0% of bid side (10,360 resting ≥ 10,000 ✓) ≈ $0.00/day (pool ÷ 17 markets)"
usgubewc-usgub-ma-2026-11-03-dem,SELL,0.99,222.43,7,9.217567630800003e-08,5.760979769250002e-07,25.0,"✅ scoring — ~0.0% of ask side (9,869 resting ≥ 2,000 ✓) ≈ $0.00/day (pool ÷ 2 markets)"
usgubewc-usgub-ma-2026-11-03-dem,SELL,0.99,222.43,7,9.217567630800003e-08,5.760979769250002e-07,25.0,"✅ scoring — ~0.0% of ask side (9,869 resting ≥ 2,000 ✓) ≈ $0.00/day (pool ÷ 2 markets)"
usgubewc-usgub-ma-2026-11-03-dem,SELL,0.99,222.43,7,9.217567630800003e-08,5.760979769250002e-07,25.0,"✅ scoring — ~0.0% of ask side (9,869 resting ≥ 2,000 ✓) ≈ $0.00/day (pool ÷ 2 markets)"
usgubewc-usgub-ma-2026-11-03-dem,SELL,0.99,222.43,7,9.217567630800003e-08,5.760979769250002e-07,25.0,"✅ scoring — ~0.0% of ask side (9,869 resting ≥ 2,000 ✓) ≈ $0.00/day (pool ÷ 2 markets)"
usgubewc-usgub-ma-2026-11-03-dem,SELL,0.99,222.43,7,9.217567630800003e-08,5.760979769250002e-07,25.0,"✅ scoring — ~0.0% of ask side (9,869 resting ≥ 2,000 ✓) ≈ $0.00/day (pool ÷ 2 markets)"
usgubewc-usgub-ma-2026-11-03-dem,SELL,0.99,222.43,7,9.217567630800003e-08,5.760979769250002e-07,25.0,"✅ scoring — ~0.0% of ask side (9,869 resting ≥ 2,000 ✓) ≈ $0.00/day (pool ÷ 2 markets)"
usgubewc-usgub-ma-2026-11-03-dem,SELL,0.99,222.43,7,9.217567630800003e-08,5.760979769250002e-07,25.0,"✅ scoring — ~0.0% of ask side (9,869 resting ≥ 2,000 ✓) ≈ $0.00/day (pool ÷ 2 markets)"
usgubewc-usgub-ma-2026-11-03-dem,SELL,0.99,222.43,7,9.217567630800003e-08,5.760979769250002e-07,25.0,"✅ scoring — ~0.0% of ask side (9,869 resting ≥ 2,000 ✓) ≈ $0.00/day (pool ÷ 2 markets)"
usgubewc-usgub-ma-2026-11-03-dem,SELL,0.99,222.43,7,9.217567630800003e-08,5.760979769250002e-07,25.0,"✅ scoring — ~0.0% of ask side (9,869 resting ≥ 2,000 ✓) ≈ $0.00/day (pool ÷ 2 markets)"
usgubewc-usgub-ma-2026-11-03-dem,SELL,0.99,222.43,7,9.217567630800003e-08,5.760979769250002e-07,25.0,"✅ scoring — ~0.0% of ask side (9,869 resting ≥ 2,000 ✓) ≈ $0.00/day (pool ÷ 2 markets)"
usgubewc-usgub-ma-2026-11-03-dem,SELL,0.99,197.36,7,8.178659117990777e-08,5.111661948744236e-07,25.0,"✅ scoring — ~0.0% of ask side (9,869 resting ≥ 2,000 ✓) ≈ $0.00/day (pool ÷ 2 markets)"
usgubewc-usgub-ar-2026-11-03-dem,SELL,0.12,25.0,8,2.4999999375000033e-08,1.5624999609375021e-07,25.0,"✅ scoring — ~0.0% of ask side (130,760 resting ≥ 2,000 ✓) ≈ $0.00/day (pool ÷ 2 markets)"
pandc-anydis-2027-12-31,BUY,0.01,4736.0,22,3.0248363107039427e-12,3.7810453883799283e-11,50.0,"✅ scoring — ~0.0% of bid side (10,125 resting ≥ 10,000 ✓) ≈ $0.00/day (pool ÷ 2 markets)"
pandc-anydis-2027-12-31,BUY,0.01,2000.0,22,1.2773801987770028e-12,1.5967252484712534e-11,50.0,"✅ scoring — ~0.0% of bid side (10,125 resting ≥ 10,000 ✓) ≈ $0.00/day (pool ÷ 2 markets)"
pandc-anydis-2027-12-31,BUY,0.01,2000.0,22,1.2773801987770028e-12,1.5967252484712534e-11,50.0,"✅ scoring — ~0.0% of bid side (10,125 resting ≥ 10,000 ✓) ≈ $0.00/day (pool ÷ 2 markets)"
pandc-anydis-2027-12-31,BUY,0.01,1000.0,22,6.386900993885014e-13,7.983626242356267e-12,50.0,"✅ scoring — ~0.0% of bid side (10,125 resting ≥ 10,000 ✓) ≈ $0.00/day (pool ÷ 2 markets)"
apdc-jerpowgov-2026-12-31,BUY,0.01,5000.0,22,5.884861943343842e-14,1.4712154858359607e-12,100.0,"✅ scoring — ~0.0% of bid side (5,374 resting ≥ 5,000 ✓) ≈ $0.00/day (pool ÷ 2 markets)"
ewc-usp-party-2028-11-07-dem,BUY,0.4,100.0,21,4.110128566948723e-14,3.082596425211542e-12,300.0,"✅ scoring — ~0.0% of bid side (10,338 resting ≥ 10,000 ✓) ≈ $0.00/day (pool ÷ 2 markets)"
ewc-usp-party-2028-11-07-dem,SELL,0.99,200.3,23,1.166832071111106e-16,8.751240533333295e-15,300.0,"✅ scoring — ~0.0% of ask side (10,122 resting ≥ 10,000 ✓) ≈ $0.00/day (pool ÷ 2 markets)"
ewc-usp-party-2028-11-07-dem,SELL,0.99,200.3,23,1.166832071111106e-16,8.751240533333295e-15,300.0,"✅ scoring — ~0.0% of ask side (10,122 resting ≥ 10,000 ✓) ≈ $0.00/day (pool ÷ 2 markets)"
ewc-usp-party-2028-11-07-dem,SELL,0.99,200.3,23,1.166832071111106e-16,8.751240533333295e-15,300.0,"✅ scoring — ~0.0% of ask side (10,122 resting ≥ 10,000 ✓) ≈ $0.00/day (pool ÷ 2 markets)"
ewc-usp-party-2028-11-07-dem,SELL,0.99,200.3,23,1.166832071111106e-16,8.751240533333295e-15,300.0,"✅ scoring — ~0.0% of ask side (10,122 resting ≥ 10,000 ✓) ≈ $0.00/day (pool ÷ 2 markets)"
ewc-usp-party-2028-11-07-dem,SELL,0.99,200.3,23,1.166832071111106e-16,8.751240533333295e-15,300.0,"✅ scoring — ~0.0% of ask side (10,122 resting ≥ 10,000 ✓) ≈ $0.00/day (pool ÷ 2 markets)"
ewc-usp-party-2028-11-07-dem,SELL,0.99,200.3,23,1.166832071111106e-16,8.751240533333295e-15,300.0,"✅ scoring — ~0.0% of ask side (10,122 resting ≥ 10,000 ✓) ≈ $0.00/day (pool ÷ 2 markets)"
ewc-usp-party-2028-11-07-dem,SELL,0.99,200.3,23,1.166832071111106e-16,8.751240533333295e-15,300.0,"✅ scoring — ~0.0% of ask side (10,122 resting ≥ 10,000 ✓) ≈ $0.00/day (pool ÷ 2 markets)"
ewc-usp-party-2028-11-07-dem,SELL,0.99,200.3,23,1.166832071111106e-16,8.751240533333295e-15,300.0,"✅ scoring — ~0.0% of ask side (10,122 resting ≥ 10,000 ✓) ≈ $0.00/day (pool ÷ 2 markets)"
ewc-usp-party-2028-11-07-dem,SELL,0.99,200.3,23,1.166832071111106e-16,8.751240533333295e-15,300.0,"✅ scoring — ~0.0% of ask side (10,122 resting ≥ 10,000 ✓) ≈ $0.00/day (pool ÷ 2 markets)"
ewc-usp-party-2028-11-07-dem,SELL,0.99,200.3,23,1.166832071111106e-16,8.751240533333295e-15,300.0,"✅ scoring — ~0.0% of ask side (10,122 resting ≥ 10,000 ✓) ≈ $0.00/day (pool ÷ 2 markets)"
ewc-usp-party-2028-11-07-dem,SELL,0.99,200.3,23,1.166832071111106e-16,8.751240533333295e-15,300.0,"✅ scoring — ~0.0% of ask side (10,122 resting ≥ 10,000 ✓) ≈ $0.00/day (pool ÷ 2 markets)"
ewc-usp-party-2028-11-07-dem,SELL,0.99,200.3,23,1.166832071111106e-16,8.751240533333295e-15,300.0,"✅ scoring — ~0.0% of ask side (10,122 resting ≥ 10,000 ✓) ≈ $0.00/day (pool ÷ 2 markets)"
ewc-usp-party-2028-11-07-dem,SELL,0.99,200.3,23,1.166832071111106e-16,8.751240533333295e-15,300.0,"✅ scoring — ~0.0% of ask side (10,122 resting ≥ 10,000 ✓) ≈ $0.00/day (pool ÷ 2 markets)"
ewc-usp-party-2028-11-07-dem,SELL,0.99,200.3,23,1.166832071111106e-16,8.751240533333295e-15,300.0,"✅ scoring — ~0.0% of ask side (10,122 resting ≥ 10,000 ✓) ≈ $0.00/day (pool ÷ 2 markets)"
ewc-usp-party-2028-11-07-dem,SELL,0.99,200.3,23,1.166832071111106e-16,8.751240533333295e-15,300.0,"✅ scoring — ~0.0% of ask side (10,122 resting ≥ 10,000 ✓) ≈ $0.00/day (pool ÷ 2 markets)"
ewc-usp-party-2028-11-07-dem,SELL,0.99,200.3,23,1.166832071111106e-16,8.751240533333295e-15,300.0,"✅ scoring — ~0.0% of ask side (10,122 resting ≥ 10,000 ✓) ≈ $0.00/day (pool ÷ 2 markets)"
ewc-usp-party-2028-11-07-dem,SELL,0.99,200.3,23,1.166832071111106e-16,8.751240533333295e-15,300.0,"✅ scoring — ~0.0% of ask side (10,122 resting ≥ 10,000 ✓) ≈ $0.00/day (pool ÷ 2 markets)"
ewc-usp-party-2028-11-07-dem,SELL,0.99,200.3,23,1.166832071111106e-16,8.751240533333295e-15,300.0,"✅ scoring — ~0.0% of ask side (10,122 resting ≥ 10,000 ✓) ≈ $0.00/day (pool ÷ 2 markets)"
ewc-usp-party-2028-11-07-dem,SELL,0.99,200.3,23,1.166832071111106e-16,8.751240533333295e-15,300.0,"✅ scoring — ~0.0% of ask side (10,122 resting ≥ 10,000 ✓) ≈ $0.00/day (pool ÷ 2 markets)"
ewc-usp-party-2028-11-07-dem,SELL,0.99,200.3,23,1.166832071111106e-16,8.751240533333295e-15,300.0,"✅ scoring — ~0.0% of ask side (10,122 resting ≥ 10,000 ✓) ≈ $0.00/day (pool ÷ 2 markets)"
ewc-usp-party-2028-11-07-dem,SELL,0.99,200.3,23,1.166832071111106e-16,8.751240533333295e-15,300.0,"✅ scoring — ~0.0% of ask side (10,122 resting ≥ 10,000 ✓) ≈ $0.00/day (pool ÷ 2 markets)"
ewc-usp-party-2028-11-07-dem,SELL,0.99,200.3,23,1.166832071111106e-16,8.751240533333295e-15,300.0,"✅ scoring — ~0.0% of ask side (10,122 resting ≥ 10,000 ✓) ≈ $0.00/day (pool ÷ 2 markets)"
ewc-usp-party-2028-11-07-dem,SELL,0.99,200.3,23,1.166832071111106e-16,8.751240533333295e-15,300.0,"✅ scoring — ~0.0% of ask side (10,122 resting ≥ 10,000 ✓) ≈ $0.00/day (pool ÷ 2 markets)"
ewc-usp-party-2028-11-07-dem,SELL,0.99,200.3,23,1.166832071111106e-16,8.751240533333295e-15,300.0,"✅ scoring — ~0.0% of ask side (10,122 resting ≥ 10,000 ✓) ≈ $0.00/day (pool ÷ 2 markets)"
ewc-usp-party-2028-11-07-dem,SELL,0.99,200.3,23,1.166832071111106e-16,8.751240533333295e-15,300.0,"✅ scoring — ~0.0% of ask side (10,122 resting ≥ 10,000 ✓) ≈ $0.00/day (pool ÷ 2 markets)"
ewc-usp-party-2028-11-07-dem,SELL,0.99,200.3,23,1.166832071111106e-16,8.751240533333295e-15,300.0,"✅ scoring — ~0.0% of ask side (10,122 resting ≥ 10,000 ✓) ≈ $0.00/day (pool ÷ 2 markets)"
ewc-usp-party-2028-11-07-dem,SELL,0.99,200.3,23,1.166832071111106e-16,8.751240533333295e-15,300.0,"✅ scoring — ~0.0% of ask side (10,122 resting ≥ 10,000 ✓) ≈ $0.00/day (pool ÷ 2 markets)"
ewc-usp-party-2028-11-07-dem,SELL,0.99,200.3,23,1.166832071111106e-16,8.751240533333295e-15,300.0,"✅ scoring — ~0.0% of ask side (10,122 resting ≥ 10,000 ✓) ≈ $0.00/day (pool ÷ 2 markets)"
ewc-usp-party-2028-11-07-dem,SELL,0.99,200.3,23,1.166832071111106e-16,8.751240533333295e-15,300.0,"✅ scoring — ~0.0% of ask side (10,122 resting ≥ 10,000 ✓) ≈ $0.00/day (pool ÷ 2 markets)"
ewc-usp-party-2028-11-07-dem,SELL,0.99,200.3,23,1.166832071111106e-16,8.751240533333295e-15,300.0,"✅ scoring — ~0.0% of ask side (10,122 resting ≥ 10,000 ✓) ≈ $0.00/day (pool ÷ 2 markets)"
ewc-usp-party-2028-11-07-dem,SELL,0.99,200.3,23,1.166832071111106e-16,8.751240533333295e-15,300.0,"✅ scoring — ~0.0% of ask side (10,122 resting ≥ 10,000 ✓) ≈ $0.00/day (pool ÷ 2 markets)"
ewc-usp-party-2028-11-07-dem,SELL,0.99,200.3,23,1.166832071111106e-16,8.751240533333295e-15,300.0,"✅ scoring — ~0.0% of ask side (10,122 resting ≥ 10,000 ✓) ≈ $0.00/day (pool ÷ 2 markets)"
ewc-usp-party-2028-11-07-dem,SELL,0.99,200.3,23,1.166832071111106e-16,8.751240533333295e-15,300.0,"✅ scoring — ~0.0% of ask side (10,122 resting ≥ 10,000 ✓) ≈ $0.00/day (pool ÷ 2 markets)"
ewc-usp-party-2028-11-07-dem,SELL,0.99,200.3,23,1.166832071111106e-16,8.751240533333295e-15,300.0,"✅ scoring — ~0.0% of ask side (10,122 resting ≥ 10,000 ✓) ≈ $0.00/day (pool ÷ 2 markets)"
ewc-usp-party-2028-11-07-dem,SELL,0.99,200.3,23,1.166832071111106e-16,8.751240533333295e-15,300.0,"✅ scoring — ~0.0% of ask side (10,122 resting ≥ 10,000 ✓) ≈ $0.00/day (pool ÷ 2 markets)"
ewc-usp-party-2028-11-07-dem,SELL,0.99,200.3,23,1.166832071111106e-16,8.751240533333295e-15,300.0,"✅ scoring — ~0.0% of ask side (10,122 resting ≥ 10,000 ✓) ≈ $0.00/day (pool ÷ 2 markets)"
ewc-usp-party-2028-11-07-dem,SELL,0.99,200.3,23,1.166832071111106e-16,8.751240533333295e-15,300.0,"✅ scoring — ~0.0% of ask side (10,122 resting ≥ 10,000 ✓) ≈ $0.00/day (pool ÷ 2 markets)"
ewc-usp-party-2028-11-07-dem,SELL,0.99,200.3,23,1.166832071111106e-16,8.751240533333295e-15,300.0,"✅ scoring — ~0.0% of ask side (10,122 resting ≥ 10,000 ✓) ≈ $0.00/day (pool ÷ 2 markets)"
ewc-usp-party-2028-11-07-dem,SELL,0.99,200.3,23,1.166832071111106e-16,8.751240533333295e-15,300.0,"✅ scoring — ~0.0% of ask side (10,122 resting ≥ 10,000 ✓) ≈ $0.00/day (pool ÷ 2 markets)"
ewc-usp-party-2028-11-07-dem,SELL,0.99,200.3,23,1.166832071111106e-16,8.751240533333295e-15,300.0,"✅ scoring — ~0.0% of ask side (10,122 resting ≥ 10,000 ✓) ≈ $0.00/day (pool ÷ 2 markets)"
ewc-usp-party-2028-11-07-dem,SELL,0.99,200.3,23,1.166832071111106e-16,8.751240533333295e-15,300.0,"✅ scoring — ~0.0% of ask side (10,122 resting ≥ 10,000 ✓) ≈ $0.00/day (pool ÷ 2 markets)"
ewc-usp-party-2028-11-07-dem,SELL,0.99,200.3,23,1.166832071111106e-16,8.751240533333295e-15,300.0,"✅ scoring — ~0.0% of ask side (10,122 resting ≥ 10,000 ✓) ≈ $0.00/day (pool ÷ 2 markets)"
ewc-usp-party-2028-11-07-dem,SELL,0.99,200.3,23,1.166832071111106e-16,8.751240533333295e-15,300.0,"✅ scoring — ~0.0% of ask side (10,122 resting ≥ 10,000 ✓) ≈ $0.00/day (pool ÷ 2 markets)"
ewc-usp-party-2028-11-07-dem,SELL,0.99,200.3,23,1.166832071111106e-16,8.751240533333295e-15,300.0,"✅ scoring — ~0.0% of ask side (10,122 resting ≥ 10,000 ✓) ≈ $0.00/day (pool ÷ 2 markets)"
ewc-usp-party-2028-11-07-dem,SELL,0.99,200.3,23,1.166832071111106e-16,8.751240533333295e-15,300.0,"✅ scoring — ~0.0% of ask side (10,122 resting ≥ 10,000 ✓) ≈ $0.00/day (pool ÷ 2 markets)"
ewc-usp-party-2028-11-07-dem,SELL,0.99,200.3,23,1.166832071111106e-16,8.751240533333295e-15,300.0,"✅ scoring — ~0.0% of ask side (10,122 resting ≥ 10,000 ✓) ≈ $0.00/day (pool ÷ 2 markets)"
ewc-usp-party-2028-11-07-dem,SELL,0.99,200.3,23,1.166832071111106e-16,8.751240533333295e-15,300.0,"✅ scoring — ~0.0% of ask side (10,122 resting ≥ 10,000 ✓) ≈ $0.00/day (pool ÷ 2 markets)"
ewc-usp-party-2028-11-07-dem,SELL,0.99,200.3,23,1.166832071111106e-16,8.751240533333295e-15,300.0,"✅ scoring — ~0.0% of ask side (10,122 resting ≥ 10,000 ✓) ≈ $0.00/day (pool ÷ 2 markets)"
ewc-usp-party-2028-11-07-dem,SELL,0.99,139.0,23,8.097336888888854e-17,6.07300266666664e-15,300.0,"✅ scoring — ~0.0% of ask side (10,122 resting ≥ 10,000 ✓) ≈ $0.00/day (pool ÷ 2 markets)"
ewc-usp-party-2028-11-07-rep,SELL,0.99,213.56,42,1.2358510696202269e-29,9.268883022151701e-28,300.0,"✅ scoring — ~0.0% of ask side (10,057 resting ≥ 10,000 ✓) ≈ $0.00/day (pool ÷ 2 markets)"
ewc-usp-party-2028-11-07-rep,SELL,0.99,213.56,42,1.2358510696202269e-29,9.268883022151701e-28,300.0,"✅ scoring — ~0.0% of ask side (10,057 resting ≥ 10,000 ✓) ≈ $0.00/day (pool ÷ 2 markets)"
ewc-usp-party-2028-11-07-rep,SELL,0.99,213.56,42,1.2358510696202269e-29,9.268883022151701e-28,300.0,"✅ scoring — ~0.0% of ask side (10,057 resting ≥ 10,000 ✓) ≈ $0.00/day (pool ÷ 2 markets)"
ewc-usp-party-2028-11-07-rep,SELL,0.99,213.56,42,1.2358510696202269e-29,9.268883022151701e-28,300.0,"✅ scoring — ~0.0% of ask side (10,057 resting ≥ 10,000 ✓) ≈ $0.00/day (pool ÷ 2 markets)"
ewc-usp-party-2028-11-07-rep,SELL,0.99,213.56,42,1.2358510696202269e-29,9.268883022151701e-28,300.0,"✅ scoring — ~0.0% of ask side (10,057 resting ≥ 10,000 ✓) ≈ $0.00/day (pool ÷ 2 markets)"
ewc-usp-party-2028-11-07-rep,SELL,0.99,213.56,42,1.2358510696202269e-29,9.268883022151701e-28,300.0,"✅ scoring — ~0.0% of ask side (10,057 resting ≥ 10,000 ✓) ≈ $0.00/day (pool ÷ 2 markets)"
ewc-usp-party-2028-11-07-rep,SELL,0.99,213.56,42,1.2358510696202269e-29,9.268883022151701e-28,300.0,"✅ scoring — ~0.0% of ask side (10,057 resting ≥ 10,000 ✓) ≈ $0.00/day (pool ÷ 2 markets)"
ewc-usp-party-2028-11-07-rep,SELL,0.99,213.56,42,1.2358510696202269e-29,9.268883022151701e-28,300.0,"✅ scoring — ~0.0% of ask side (10,057 resting ≥ 10,000 ✓) ≈ $0.00/day (pool ÷ 2 markets)"
ewc-usp-party-2028-11-07-rep,SELL,0.99,213.56,42,1.2358510696202269e-29,9.268883022151701e-28,300.0,"✅ scoring — ~0.0% of ask side (10,057 resting ≥ 10,000 ✓) ≈ $0.00/day (pool ÷ 2 markets)"
ewc-usp-party-2028-11-07-rep,SELL,0.99,213.56,42,1.2358510696202269e-29,9.268883022151701e-28,300.0,"✅ scoring — ~0.0% of ask side (10,057 resting ≥ 10,000 ✓) ≈ $0.00/day (pool ÷ 2 markets)"
ewc-usp-party-2028-11-07-rep,SELL,0.99,213.56,42,1.2358510696202269e-29,9.268883022151701e-28,300.0,"✅ scoring — ~0.0% of ask side (10,057 resting ≥ 10,000 ✓) ≈ $0.00/day (pool ÷ 2 markets)"
ewc-usp-party-2028-11-07-rep,SELL,0.99,213.56,42,1.2358510696202269e-29,9.268883022151701e-28,300.0,"✅ scoring — ~0.0% of ask side (10,057 resting ≥ 10,000 ✓) ≈ $0.00/day (pool ÷ 2 markets)"
ewc-usp-party-2028-11-07-rep,SELL,0.99,213.56,42,1.2358510696202269e-29,9.268883022151701e-28,300.0,"✅ scoring — ~0.0% of ask side (10,057 resting ≥ 10,000 ✓) ≈ $0.00/day (pool ÷ 2 markets)"
ewc-usp-party-2028-11-07-rep,SELL,0.99,213.56,42,1.2358510696202269e-29,9.268883022151701e-28,300.0,"✅ scoring — ~0.0% of ask side (10,057 resting ≥ 10,000 ✓) ≈ $0.00/day (pool ÷ 2 markets)"
ewc-usp-party-2028-11-07-rep,SELL,0.99,213.56,42,1.2358510696202269e-29,9.268883022151701e-28,300.0,"✅ scoring — ~0.0% of ask side (10,057 resting ≥ 10,000 ✓) ≈ $0.00/day (pool ÷ 2 markets)"
ewc-usp-party-2028-11-07-rep,SELL,0.99,213.56,42,1.2358510696202269e-29,9.268883022151701e-28,300.0,"✅ scoring — ~0.0% of ask side (10,057 resting ≥ 10,000 ✓) ≈ $0.00/day (pool ÷ 2 markets)"
ewc-usp-party-2028-11-07-rep,SELL,0.99,213.56,42,1.2358510696202269e-29,9.268883022151701e-28,300.0,"✅ scoring — ~0.0% of ask side (10,057 resting ≥ 10,000 ✓) ≈ $0.00/day (pool ÷ 2 markets)"
ewc-usp-party-2028-11-07-rep,SELL,0.99,213.56,42,1.2358510696202269e-29,9.268883022151701e-28,300.0,"✅ scoring — ~0.0% of ask side (10,057 resting ≥ 10,000 ✓) ≈ $0.00/day (pool ÷ 2 markets)"
ewc-usp-party-2028-11-07-rep,SELL,0.99,213.56,42,1.2358510696202269e-29,9.268883022151701e-28,300.0,"✅ scoring — ~0.0% of ask side (10,057 resting ≥ 10,000 ✓) ≈ $0.00/day (pool ÷ 2 markets)"
ewc-usp-party-2028-11-07-rep,SELL,0.99,213.56,42,1.2358510696202269e-29,9.268883022151701e-28,300.0,"✅ scoring — ~0.0% of ask side (10,057 resting ≥ 10,000 ✓) ≈ $0.00/day (pool ÷ 2 markets)"
ewc-usp-party-2028-11-07-rep,SELL,0.99,213.56,42,1.2358510696202269e-29,9.268883022151701e-28,300.0,"✅ scoring — ~0.0% of ask side (10,057 resting ≥ 10,000 ✓) ≈ $0.00/day (pool ÷ 2 markets)"
ewc-usp-party-2028-11-07-rep,SELL,0.99,213.56,42,1.2358510696202269e-29,9.268883022151701e-28,300.0,"✅ scoring — ~0.0% of ask side (10,057 resting ≥ 10,000 ✓) ≈ $0.00/day (pool ÷ 2 markets)"
ewc-usp-party-2028-11-07-rep,SELL,0.99,213.56,42,1.2358510696202269e-29,9.268883022151701e-28,300.0,"✅ scoring — ~0.0% of ask side (10,057 resting ≥ 10,000 ✓) ≈ $0.00/day (pool ÷ 2 markets)"
ewc-usp-party-2028-11-07-rep,SELL,0.99,213.56,42,1.2358510696202269e-29,9.268883022151701e-28,300.0,"✅ scoring — ~0.0% of ask side (10,057 resting ≥ 10,000 ✓) ≈ $0.00/day (pool ÷ 2 markets)"
ewc-usp-party-2028-11-07-rep,SELL,0.99,213.56,42,1.2358510696202269e-29,9.268883022151701e-28,300.0,"✅ scoring — ~0.0% of ask side (10,057 resting ≥ 10,000 ✓) ≈ $0.00/day (pool ÷ 2 markets)"
ewc-usp-party-2028-11-07-rep,SELL,0.99,213.56,42,1.2358510696202269e-29,9.268883022151701e-28,300.0,"✅ scoring — ~0.0% of ask side (10,057 resting ≥ 10,000 ✓) ≈ $0.00/day (pool ÷ 2 markets)"
ewc-usp-party-2028-11-07-rep,SELL,0.99,213.56,42,1.2358510696202269e-29,9.268883022151701e-28,300.0,"✅ scoring — ~0.0% of ask side (10,057 resting ≥ 10,000 ✓) ≈ $0.00/day (pool ÷ 2 markets)"
ewc-usp-party-2028-11-07-rep,SELL,0.99,213.56,42,1.2358510696202269e-29,9.268883022151701e-28,300.0,"✅ scoring — ~0.0% of ask side (10,057 resting ≥ 10,000 ✓) ≈ $0.00/day (pool ÷ 2 markets)"
ewc-usp-party-2028-11-07-rep,SELL,0.99,213.56,42,1.2358510696202269e-29,9.268883022151701e-28,300.0,"✅ scoring — ~0.0% of ask side (10,057 resting ≥ 10,000 ✓) ≈ $0.00/day (pool ÷ 2 markets)"
ewc-usp-party-2028-11-07-rep,SELL,0.99,213.56,42,1.2358510696202269e-29,9.268883022151701e-28,300.0,"✅ scoring — ~0.0% of ask side (10,057 resting ≥ 10,000 ✓) ≈ $0.00/day (pool ÷ 2 markets)"
ewc-usp-party-2028-11-07-rep,SELL,0.99,213.56,42,1.2358510696202269e-29,9.268883022151701e-28,300.0,"✅ scoring — ~0.0% of ask side (10,057 resting ≥ 10,000 ✓) ≈ $0.00/day (pool ÷ 2 markets)"
ewc-usp-party-2028-11-07-rep,SELL,0.99,213.56,42,1.2358510696202269e-29,9.268883022151701e-28,300.0,"✅ scoring — ~0.0% of ask side (10,057 resting ≥ 10,000 ✓) ≈ $0.00/day (pool ÷ 2 markets)"
ewc-usp-party-2028-11-07-rep,SELL,0.99,213.56,42,1.2358510696202269e-29,9.268883022151701e-28,300.0,"✅ scoring — ~0.0% of ask side (10,057 resting ≥ 10,000 ✓) ≈ $0.00/day (pool ÷ 2 markets)"
ewc-usp-party-2028-11-07-rep,SELL,0.99,213.56,42,1.2358510696202269e-29,9.268883022151701e-28,300.0,"✅ scoring — ~0.0% of ask side (10,057 resting ≥ 10,000 ✓) ≈ $0.00/day (pool ÷ 2 markets)"
ewc-usp-party-2028-11-07-rep,SELL,0.99,213.56,42,1.2358510696202269e-29,9.268883022151701e-28,300.0,"✅ scoring — ~0.0% of ask side (10,057 resting ≥ 10,000 ✓) ≈ $0.00/day (pool ÷ 2 markets)"
ewc-usp-party-2028-11-07-rep,SELL,0.99,213.56,42,1.2358510696202269e-29,9.268883022151701e-28,300.0,"✅ scoring — ~0.0% of ask side (10,057 resting ≥ 10,000 ✓) ≈ $0.00/day (pool ÷ 2 markets)"
ewc-usp-party-2028-11-07-rep,SELL,0.99,213.56,42,1.2358510696202269e-29,9.268883022151701e-28,300.0,"✅ scoring — ~0.0% of ask side (10,057 resting ≥ 10,000 ✓) ≈ $0.00/day (pool ÷ 2 markets)"
ewc-usp-party-2028-11-07-rep,SELL,0.99,213.56,42,1.2358510696202269e-29,9.268883022151701e-28,300.0,"✅ scoring — ~0.0% of ask side (10,057 resting ≥ 10,000 ✓) ≈ $0.00/day (pool ÷ 2 markets)"
ewc-usp-party-2028-11-07-rep,SELL,0.99,213.56,42,1.2358510696202269e-29,9.268883022151701e-28,300.0,"✅ scoring — ~0.0% of ask side (10,057 resting ≥ 10,000 ✓) ≈ $0.00/day (pool ÷ 2 markets)"
ewc-usp-party-2028-11-07-rep,SELL,0.99,213.56,42,1.2358510696202269e-29,9.268883022151701e-28,300.0,"✅ scoring — ~0.0% of ask side (10,057 resting ≥ 10,000 ✓) ≈ $0.00/day (pool ÷ 2 markets)"
ewc-usp-party-2028-11-07-rep,SELL,0.99,213.56,42,1.2358510696202269e-29,9.268883022151701e-28,300.0,"✅ scoring — ~0.0% of ask side (10,057 resting ≥ 10,000 ✓) ≈ $0.00/day (pool ÷ 2 markets)"
ewc-usp-party-2028-11-07-rep,SELL,0.99,213.56,42,1.2358510696202269e-29,9.268883022151701e-28,300.0,"✅ scoring — ~0.0% of ask side (10,057 resting ≥ 10,000 ✓) ≈ $0.00/day (pool ÷ 2 markets)"
ewc-usp-party-2028-11-07-rep,SELL,0.99,213.56,42,1.2358510696202269e-29,9.268883022151701e-28,300.0,"✅ scoring — ~0.0% of ask side (10,057 resting ≥ 10,000 ✓) ≈ $0.00/day (pool ÷ 2 markets)"
ewc-usp-party-2028-11-07-rep,SELL,0.99,213.56,42,1.2358510696202269e-29,9.268883022151701e-28,300.0,"✅ scoring — ~0.0% of ask side (10,057 resting ≥ 10,000 ✓) ≈ $0.00/day (pool ÷ 2 markets)"
ewc-usp-party-2028-11-07-rep,SELL,0.99,200.0,42,1.1573806608168446e-29,8.680354956126334e-28,300.0,"✅ scoring — ~0.0% of ask side (10,057 resting ≥ 10,000 ✓) ≈ $0.00/day (pool ÷ 2 markets)"
ewc-usp-party-2028-11-07-rep,SELL,0.99,65.0,42,3.761487147654745e-30,2.8211153607410586e-28,300.0,"✅ scoring — ~0.0% of ask side (10,057 resting ≥ 10,000 ✓) ≈ $0.00/day (pool ÷ 2 markets)"
ewc-usp-party-2028-11-07-rep,SELL,0.99,14.0,42,8.101664625717913e-31,6.076248469288434e-29,300.0,"✅ scoring — ~0.0% of ask side (10,057 resting ≥ 10,000 ✓) ≈ $0.00/day (pool ÷ 2 markets)"
ewc-usp-party-2028-11-07-rep,BUY,0.01,10000.0,50,1.8764998447377117e-32,1.4073748835532838e-30,300.0,"✅ scoring — ~0.0% of bid side (10,330 resting ≥ 10,000 ✓) ≈ $0.00/day (pool ÷ 2 markets)"
usgubewc-usgub-ma-2026-11-03-dem,BUY,0.52,300.0,39,4.587155963302762e-39,2.866972477064226e-38,25.0,"✅ scoring — ~0.0% of bid side (12,324 resting ≥ 2,000 ✓) ≈ $0.00/day (pool ÷ 2 markets)"
ewc-usp-party-2028-11-07-dem,BUY,0.01,10025.0,60,2.265215993195987e-39,1.6989119948969902e-37,300.0,"✅ scoring — ~0.0% of bid side (10,338 resting ≥ 10,000 ✓) ≈ $0.00/day (pool ÷ 2 markets)"
pandc-anydis-2027-12-31,SELL,0.99,228.92,75,1.980143054037979e-45,2.475178817547474e-44,50.0,"✅ scoring — ~0.0% of ask side (14,698 resting ≥ 10,000 ✓) ≈ $0.00/day (pool ÷ 2 markets)"
pandc-anydis-2027-12-31,SELL,0.99,228.92,75,1.980143054037979e-45,2.475178817547474e-44,50.0,"✅ scoring — ~0.0% of ask side (14,698 resting ≥ 10,000 ✓) ≈ $0.00/day (pool ÷ 2 markets)"
pandc-anydis-2027-12-31,SELL,0.99,228.92,75,1.980143054037979e-45,2.475178817547474e-44,50.0,"✅ scoring — ~0.0% of ask side (14,698 resting ≥ 10,000 ✓) ≈ $0.00/day (pool ÷ 2 markets)"
pandc-anydis-2027-12-31,SELL,0.99,228.92,75,1.980143054037979e-45,2.475178817547474e-44,50.0,"✅ scoring — ~0.0% of ask side (14,698 resting ≥ 10,000 ✓) ≈ $0.00/day (pool ÷ 2 markets)"
pandc-anydis-2027-12-31,SELL,0.99,228.92,75,1.980143054037979e-45,2.475178817547474e-44,50.0,"✅ scoring — ~0.0% of ask side (14,698 resting ≥ 10,000 ✓) ≈ $0.00/day (pool ÷ 2 markets)"
pandc-anydis-2027-12-31,SELL,0.99,228.92,75,1.980143054037979e-45,2.475178817547474e-44,50.0,"✅ scoring — ~0.0% of ask side (14,698 resting ≥ 10,000 ✓) ≈ $0.00/day (pool ÷ 2 markets)"
pandc-anydis-2027-12-31,SELL,0.99,228.92,75,1.980143054037979e-45,2.475178817547474e-44,50.0,"✅ scoring — ~0.0% of ask side (14,698 resting ≥ 10,000 ✓) ≈ $0.00/day (pool ÷ 2 markets)"
pandc-anydis-2027-12-31,SELL,0.99,228.92,75,1.980143054037979e-45,2.475178817547474e-44,50.0,"✅ scoring — ~0.0% of ask side (14,698 resting ≥ 10,000 ✓) ≈ $0.00/day (pool ÷ 2 markets)"
pandc-anydis-2027-12-31,SELL,0.99,159.73,75,1.3816540713851406e-45,1.7270675892314257e-44,50.0,"✅ scoring — ~0.0% of ask side (14,698 resting ≥ 10,000 ✓) ≈ $0.00/day (pool ÷ 2 markets)"
pandc-anydis-2027-12-31,SELL,0.99,159.73,75,1.3816540713851406e-45,1.7270675892314257e-44,50.0,"✅ scoring — ~0.0% of ask side (14,698 resting ≥ 10,000 ✓) ≈ $0.00/day (pool ÷ 2 markets)"
pandc-anydis-2027-12-31,SELL,0.99,159.73,75,1.3816540713851406e-45,1.7270675892314257e-44,50.0,"✅ scoring — ~0.0% of ask side (14,698 resting ≥ 10,000 ✓) ≈ $0.00/day (pool ÷ 2 markets)"
pandc-anydis-2027-12-31,SELL,0.99,159.73,75,1.3816540713851406e-45,1.7270675892314257e-44,50.0,"✅ scoring — ~0.0% of ask side (14,698 resting ≥ 10,000 ✓) ≈ $0.00/day (pool ÷ 2 markets)"
pandc-anydis-2027-12-31,SELL,0.99,159.73,75,1.3816540713851406e-45,1.7270675892314257e-44,50.0,"✅ scoring — ~0.0% of ask side (14,698 resting ≥ 10,000 ✓) ≈ $0.00/day (pool ÷ 2 markets)"
pandc-anydis-2027-12-31,SELL,0.99,159.73,75,1.3816540713851406e-45,1.7270675892314257e-44,50.0,"✅ scoring — ~0.0% of ask side (14,698 resting ≥ 10,000 ✓) ≈ $0.00/day (pool ÷ 2 markets)"
pandc-anydis-2027-12-31,SELL,0.99,159.73,75,1.3816540713851406e-45,1.7270675892314257e-44,50.0,"✅ scoring — ~0.0% of ask side (14,698 resting ≥ 10,000 ✓) ≈ $0.00/day (pool ÷ 2 markets)"
pandc-anydis-2027-12-31,SELL,0.99,159.73,75,1.3816540713851406e-45,1.7270675892314257e-44,50.0,"✅ scoring — ~0.0% of ask side (14,698 resting ≥ 10,000 ✓) ≈ $0.00/day (pool ÷ 2 markets)"
pandc-anydis-2027-12-31,SELL,0.99,159.73,75,1.3816540713851406e-45,1.7270675892314257e-44,50.0,"✅ scoring — ~0.0% of ask side (14,698 resting ≥ 10,000 ✓) ≈ $0.00/day (pool ÷ 2 markets)"
pandc-anydis-2027-12-31,SELL,0.99,159.73,75,1.3816540713851406e-45,1.7270675892314257e-44,50.0,"✅ scoring — ~0.0% of ask side (14,698 resting ≥ 10,000 ✓) ≈ $0.00/day (pool ÷ 2 markets)"
pandc-anydis-2027-12-31,SELL,0.99,159.73,75,1.3816540713851406e-45,1.7270675892314257e-44,50.0,"✅ scoring — ~0.0% of ask side (14,698 resting ≥ 10,000 ✓) ≈ $0.00/day (pool ÷ 2 markets)"
pandc-anydis-2027-12-31,SELL,0.99,159.73,75,1.3816540713851406e-45,1.7270675892314257e-44,50.0,"✅ scoring — ~0.0% of ask side (14,698 resting ≥ 10,000 ✓) ≈ $0.00/day (pool ÷ 2 markets)"
pandc-anydis-2027-12-31,SELL,0.99,159.73,75,1.3816540713851406e-45,1.7270675892314257e-44,50.0,"✅ scoring — ~0.0% of ask side (14,698 resting ≥ 10,000 ✓) ≈ $0.00/day (pool ÷ 2 markets)"
pandc-anydis-2027-12-31,SELL,0.99,159.73,75,1.3816540713851406e-45,1.7270675892314257e-44,50.0,"✅ scoring — ~0.0% of ask side (14,698 resting ≥ 10,000 ✓) ≈ $0.00/day (pool ÷ 2 markets)"
pandc-anydis-2027-12-31,SELL,0.99,159.73,75,1.3816540713851406e-45,1.7270675892314257e-44,50.0,"✅ scoring — ~0.0% of ask side (14,698 resting ≥ 10,000 ✓) ≈ $0.00/day (pool ÷ 2 markets)"
pandc-anydis-2027-12-31,SELL,0.99,159.73,75,1.3816540713851406e-45,1.7270675892314257e-44,50.0,"✅ scoring — ~0.0% of ask side (14,698 resting ≥ 10,000 ✓) ≈ $0.00/day (pool ÷ 2 markets)"
pandc-anydis-2027-12-31,SELL,0.99,159.73,75,1.3816540713851406e-45,1.7270675892314257e-44,50.0,"✅ scoring — ~0.0% of ask side (14,698 resting ≥ 10,000 ✓) ≈ $0.00/day (pool ÷ 2 markets)"
pandc-anydis-2027-12-31,SELL,0.99,159.73,75,1.3816540713851406e-45,1.7270675892314257e-44,50.0,"✅ scoring — ~0.0% of ask side (14,698 resting ≥ 10,000 ✓) ≈ $0.00/day (pool ÷ 2 markets)"
pandc-anydis-2027-12-31,SELL,0.99,159.73,75,1.3816540713851406e-45,1.7270675892314257e-44,50.0,"✅ scoring — ~0.0% of ask side (14,698 resting ≥ 10,000 ✓) ≈ $0.00/day (pool ÷ 2 markets)"
pandc-anydis-2027-12-31,SELL,0.99,159.73,75,1.3816540713851406e-45,1.7270675892314257e-44,50.0,"✅ scoring — ~0.0% of ask side (14,698 resting ≥ 10,000 ✓) ≈ $0.00/day (pool ÷ 2 markets)"
pandc-anydis-2027-12-31,SELL,0.99,159.73,75,1.3816540713851406e-45,1.7270675892314257e-44,50.0,"✅ scoring — ~0.0% of ask side (14,698 resting ≥ 10,000 ✓) ≈ $0.00/day (pool ÷ 2 markets)"
pandc-anydis-2027-12-31,SELL,0.99,159.73,75,1.3816540713851406e-45,1.7270675892314257e-44,50.0,"✅ scoring — ~0.0% of ask side (14,698 resting ≥ 10,000 ✓) ≈ $0.00/day (pool ÷ 2 markets)"
pandc-anydis-2027-12-31,SELL,0.99,159.73,75,1.3816540713851406e-45,1.7270675892314257e-44,50.0,"✅ scoring — ~0.0% of ask side (14,698 resting ≥ 10,000 ✓) ≈ $0.00/day (pool ÷ 2 markets)"
pandc-anydis-2027-12-31,SELL,0.99,159.73,75,1.3816540713851406e-45,1.7270675892314257e-44,50.0,"✅ scoring — ~0.0% of ask side (14,698 resting ≥ 10,000 ✓) ≈ $0.00/day (pool ÷ 2 markets)"
pandc-anydis-2027-12-31,SELL,0.99,159.73,75,1.3816540713851406e-45,1.7270675892314257e-44,50.0,"✅ scoring — ~0.0% of ask side (14,698 resting ≥ 10,000 ✓) ≈ $0.00/day (pool ÷ 2 markets)"
pandc-anydis-2027-12-31,SELL,0.99,159.73,75,1.3816540713851406e-45,1.7270675892314257e-44,50.0,"✅ scoring — ~0.0% of ask side (14,698 resting ≥ 10,000 ✓) ≈ $0.00/day (pool ÷ 2 markets)"
pandc-anydis-2027-12-31,SELL,0.99,159.73,75,1.3816540713851406e-45,1.7270675892314257e-44,50.0,"✅ scoring — ~0.0% of ask side (14,698 resting ≥ 10,000 ✓) ≈ $0.00/day (pool ÷ 2 markets)"
pandc-anydis-2027-12-31,SELL,0.99,159.73,75,1.3816540713851406e-45,1.7270675892314257e-44,50.0,"✅ scoring — ~0.0% of ask side (14,698 resting ≥ 10,000 ✓) ≈ $0.00/day (pool ÷ 2 markets)"
pandc-anydis-2027-12-31,SELL,0.99,159.73,75,1.3816540713851406e-45,1.7270675892314257e-44,50.0,"✅ scoring — ~0.0% of ask side (14,698 resting ≥ 10,000 ✓) ≈ $0.00/day (pool ÷ 2 markets)"
pandc-anydis-2027-12-31,SELL,0.99,159.73,75,1.3816540713851406e-45,1.7270675892314257e-44,50.0,"✅ scoring — ~0.0% of ask side (14,698 resting ≥ 10,000 ✓) ≈ $0.00/day (pool ÷ 2 markets)"
pandc-anydis-2027-12-31,SELL,0.99,159.73,75,1.3816540713851406e-45,1.7270675892314257e-44,50.0,"✅ scoring — ~0.0% of ask side (14,698 resting ≥ 10,000 ✓) ≈ $0.00/day (pool ÷ 2 markets)"
pandc-anydis-2027-12-31,SELL,0.99,159.73,75,1.3816540713851406e-45,1.7270675892314257e-44,50.0,"✅ scoring — ~0.0% of ask side (14,698 resting ≥ 10,000 ✓) ≈ $0.00/day (pool ÷ 2 markets)"
pandc-anydis-2027-12-31,SELL,0.99,159.73,75,1.3816540713851406e-45,1.7270675892314257e-44,50.0,"✅ scoring — ~0.0% of ask side (14,698 resting ≥ 10,000 ✓) ≈ $0.00/day (pool ÷ 2 markets)"
pandc-anydis-2027-12-31,SELL,0.99,159.73,75,1.3816540713851406e-45,1.7270675892314257e-44,50.0,"✅ scoring — ~0.0% of ask side (14,698 resting ≥ 10,000 ✓) ≈ $0.00/day (pool ÷ 2 markets)"
pandc-anydis-2027-12-31,SELL,0.99,159.73,75,1.3816540713851406e-45,1.7270675892314257e-44,50.0,"✅ scoring — ~0.0% of ask side (14,698 resting ≥ 10,000 ✓) ≈ $0.00/day (pool ÷ 2 markets)"
pandc-anydis-2027-12-31,SELL,0.99,159.73,75,1.3816540713851406e-45,1.7270675892314257e-44,50.0,"✅ scoring — ~0.0% of ask side (14,698 resting ≥ 10,000 ✓) ≈ $0.00/day (pool ÷ 2 markets)"
pandc-anydis-2027-12-31,SELL,0.99,159.73,75,1.3816540713851406e-45,1.7270675892314257e-44,50.0,"✅ scoring — ~0.0% of ask side (14,698 resting ≥ 10,000 ✓) ≈ $0.00/day (pool ÷ 2 markets)"
pandc-anydis-2027-12-31,SELL,0.99,159.73,75,1.3816540713851406e-45,1.7270675892314257e-44,50.0,"✅ scoring — ~0.0% of ask side (14,698 resting ≥ 10,000 ✓) ≈ $0.00/day (pool ÷ 2 markets)"
pandc-anydis-2027-12-31,SELL,0.99,159.73,75,1.3816540713851406e-45,1.7270675892314257e-44,50.0,"✅ scoring — ~0.0% of ask side (14,698 resting ≥ 10,000 ✓) ≈ $0.00/day (pool ÷ 2 markets)"
pandc-anydis-2027-12-31,SELL,0.99,159.73,75,1.3816540713851406e-45,1.7270675892314257e-44,50.0,"✅ scoring — ~0.0% of ask side (14,698 resting ≥ 10,000 ✓) ≈ $0.00/day (pool ÷ 2 markets)"
pandc-anydis-2027-12-31,SELL,0.99,159.73,75,1.3816540713851406e-45,1.7270675892314257e-44,50.0,"✅ scoring — ~0.0% of ask side (14,698 resting ≥ 10,000 ✓) ≈ $0.00/day (pool ÷ 2 markets)"
pandc-anydis-2027-12-31,SELL,0.99,159.73,75,1.3816540713851406e-45,1.7270675892314257e-44,50.0,"✅ scoring — ~0.0% of ask side (14,698 resting ≥ 10,000 ✓) ≈ $0.00/day (pool ÷ 2 markets)"
pandc-anydis-2027-12-31,SELL,0.99,159.73,75,1.3816540713851406e-45,1.7270675892314257e-44,50.0,"✅ scoring — ~0.0% of ask side (14,698 resting ≥ 10,000 ✓) ≈ $0.00/day (pool ÷ 2 markets)"
pandc-anydis-2027-12-31,SELL,0.99,159.73,75,1.3816540713851406e-45,1.7270675892314257e-44,50.0,"✅ scoring — ~0.0% of ask side (14,698 resting ≥ 10,000 ✓) ≈ $0.00/day (pool ÷ 2 markets)"
pandc-anydis-2027-12-31,SELL,0.99,159.73,75,1.3816540713851406e-45,1.7270675892314257e-44,50.0,"✅ scoring — ~0.0% of ask side (14,698 resting ≥ 10,000 ✓) ≈ $0.00/day (pool ÷ 2 markets)"
pandc-anydis-2027-12-31,SELL,0.99,159.73,75,1.3816540713851406e-45,1.7270675892314257e-44,50.0,"✅ scoring — ~0.0% of ask side (14,698 resting ≥ 10,000 ✓) ≈ $0.00/day (pool ÷ 2 markets)"
pandc-anydis-2027-12-31,SELL,0.99,159.73,75,1.3816540713851406e-45,1.7270675892314257e-44,50.0,"✅ scoring — ~0.0% of ask side (14,698 resting ≥ 10,000 ✓) ≈ $0.00/day (pool ÷ 2 markets)"
pandc-anydis-2027-12-31,SELL,0.99,159.73,75,1.3816540713851406e-45,1.7270675892314257e-44,50.0,"✅ scoring — ~0.0% of ask side (14,698 resting ≥ 10,000 ✓) ≈ $0.00/day (pool ÷ 2 markets)"
pandc-anydis-2027-12-31,SELL,0.99,159.73,75,1.3816540713851406e-45,1.7270675892314257e-44,50.0,"✅ scoring — ~0.0% of ask side (14,698 resting ≥ 10,000 ✓) ≈ $0.00/day (pool ÷ 2 markets)"
pandc-anydis-2027-12-31,SELL,0.99,159.73,75,1.3816540713851406e-45,1.7270675892314257e-44,50.0,"✅ scoring — ~0.0% of ask side (14,698 resting ≥ 10,000 ✓) ≈ $0.00/day (pool ÷ 2 markets)"
pandc-anydis-2027-12-31,SELL,0.99,159.73,75,1.3816540713851406e-45,1.7270675892314257e-44,50.0,"✅ scoring — ~0.0% of ask side (14,698 resting ≥ 10,000 ✓) ≈ $0.00/day (pool ÷ 2 markets)"
pandc-anydis-2027-12-31,SELL,0.99,159.73,75,1.3816540713851406e-45,1.7270675892314257e-44,50.0,"✅ scoring — ~0.0% of ask side (14,698 resting ≥ 10,000 ✓) ≈ $0.00/day (pool ÷ 2 markets)"
pandc-anydis-2027-12-31,SELL,0.99,159.73,75,1.3816540713851406e-45,1.7270675892314257e-44,50.0,"✅ scoring — ~0.0% of ask side (14,698 resting ≥ 10,000 ✓) ≈ $0.00/day (pool ÷ 2 markets)"
pandc-anydis-2027-12-31,SELL,0.99,159.73,75,1.3816540713851406e-45,1.7270675892314257e-44,50.0,"✅ scoring — ~0.0% of ask side (14,698 resting ≥ 10,000 ✓) ≈ $0.00/day (pool ÷ 2 markets)"
pandc-anydis-2027-12-31,SELL,0.99,159.73,75,1.3816540713851406e-45,1.7270675892314257e-44,50.0,"✅ scoring — ~0.0% of ask side (14,698 resting ≥ 10,000 ✓) ≈ $0.00/day (pool ÷ 2 markets)"
pandc-anydis-2027-12-31,SELL,0.99,159.73,75,1.3816540713851406e-45,1.7270675892314257e-44,50.0,"✅ scoring — ~0.0% of ask side (14,698 resting ≥ 10,000 ✓) ≈ $0.00/day (pool ÷ 2 markets)"
pandc-anydis-2027-12-31,SELL,0.99,159.73,75,1.3816540713851406e-45,1.7270675892314257e-44,50.0,"✅ scoring — ~0.0% of ask side (14,698 resting ≥ 10,000 ✓) ≈ $0.00/day (pool ÷ 2 markets)"
pandc-anydis-2027-12-31,SELL,0.99,159.73,75,1.3816540713851406e-45,1.7270675892314257e-44,50.0,"✅ scoring — ~0.0% of ask side (14,698 resting ≥ 10,000 ✓) ≈ $0.00/day (pool ÷ 2 markets)"
pandc-anydis-2027-12-31,SELL,0.99,159.73,75,1.3816540713851406e-45,1.7270675892314257e-44,50.0,"✅ scoring — ~0.0% of ask side (14,698 resting ≥ 10,000 ✓) ≈ $0.00/day (pool ÷ 2 markets)"
pandc-anydis-2027-12-31,SELL,0.99,159.73,75,1.3816540713851406e-45,1.7270675892314257e-44,50.0,"✅ scoring — ~0.0% of ask side (14,698 resting ≥ 10,000 ✓) ≈ $0.00/day (pool ÷ 2 markets)"
pandc-anydis-2027-12-31,SELL,0.99,159.73,75,1.3816540713851406e-45,1.7270675892314257e-44,50.0,"✅ scoring — ~0.0% of ask side (14,698 resting ≥ 10,000 ✓) ≈ $0.00/day (pool ÷ 2 markets)"
pandc-anydis-2027-12-31,SELL,0.99,159.73,75,1.3816540713851406e-45,1.7270675892314257e-44,50.0,"✅ scoring — ~0.0% of ask side (14,698 resting ≥ 10,000 ✓) ≈ $0.00/day (pool ÷ 2 markets)"
pandc-anydis-2027-12-31,SELL,0.99,159.73,75,1.3816540713851406e-45,1.7270675892314257e-44,50.0,"✅ scoring — ~0.0% of ask side (14,698 resting ≥ 10,000 ✓) ≈ $0.00/day (pool ÷ 2 markets)"
pandc-anydis-2027-12-31,SELL,0.99,159.73,75,1.3816540713851406e-45,1.7270675892314257e-44,50.0,"✅ scoring — ~0.0% of ask side (14,698 resting ≥ 10,000 ✓) ≈ $0.00/day (pool ÷ 2 markets)"
pandc-anydis-2027-12-31,SELL,0.99,146.89,75,1.2705889096961328e-45,1.588236137120166e-44,50.0,"✅ scoring — ~0.0% of ask side (14,698 resting ≥ 10,000 ✓) ≈ $0.00/day (pool ÷ 2 markets)"
pandc-anydis-2027-12-31,SELL,0.99,146.89,75,1.2705889096961328e-45,1.588236137120166e-44,50.0,"✅ scoring — ~0.0% of ask side (14,698 resting ≥ 10,000 ✓) ≈ $0.00/day (pool ÷ 2 markets)"
pandc-anydis-2027-12-31,SELL,0.99,146.89,75,1.2705889096961328e-45,1.588236137120166e-44,50.0,"✅ scoring — ~0.0% of ask side (14,698 resting ≥ 10,000 ✓) ≈ $0.00/day (pool ÷ 2 markets)"
pandc-anydis-2027-12-31,SELL,0.99,146.89,75,1.2705889096961328e-45,1.588236137120166e-44,50.0,"✅ scoring — ~0.0% of ask side (14,698 resting ≥ 10,000 ✓) ≈ $0.00/day (pool ÷ 2 markets)"
pandc-anydis-2027-12-31,SELL,0.99,146.89,75,1.2705889096961328e-45,1.588236137120166e-44,50.0,"✅ scoring — ~0.0% of ask side (14,698 resting ≥ 10,000 ✓) ≈ $0.00/day (pool ÷ 2 markets)"
pandc-anydis-2027-12-31,SELL,0.99,122.0,75,1.0552920347397932e-45,1.3191150434247415e-44,50.0,"✅ scoring — ~0.0% of ask side (14,698 resting ≥ 10,000 ✓) ≈ $0.00/day (pool ÷ 2 markets)"
pandc-anydis-2027-12-31,SELL,0.99,90.88,75,7.86106066534036e-46,9.82632583167545e-45,50.0,"✅ scoring — ~0.0% of ask side (14,698 resting ≥ 10,000 ✓) ≈ $0.00/day (pool ÷ 2 markets)"
pandc-anydis-2027-12-31,SELL,0.99,90.88,75,7.86106066534036e-46,9.82632583167545e-45,50.0,"✅ scoring — ~0.0% of ask side (14,698 resting ≥ 10,000 ✓) ≈ $0.00/day (pool ÷ 2 markets)"
pandc-anydis-2027-12-31,SELL,0.99,90.88,75,7.86106066534036e-46,9.82632583167545e-45,50.0,"✅ scoring — ~0.0% of ask side (14,698 resting ≥ 10,000 ✓) ≈ $0.00/day (pool ÷ 2 markets)"
pandc-anydis-2027-12-31,SELL,0.99,90.88,75,7.86106066534036e-46,9.82632583167545e-45,50.0,"✅ scoring — ~0.0% of ask side (14,698 resting ≥ 10,000 ✓) ≈ $0.00/day (pool ÷ 2 markets)"
pandc-anydis-2027-12-31,SELL,0.99,90.88,75,7.86106066534036e-46,9.82632583167545e-45,50.0,"✅ scoring — ~0.0% of ask side (14,698 resting ≥ 10,000 ✓) ≈ $0.00/day (pool ÷ 2 markets)"
pandc-anydis-2027-12-31,SELL,0.99,90.88,75,7.86106066534036e-46,9.82632583167545e-45,50.0,"✅ scoring — ~0.0% of ask side (14,698 resting ≥ 10,000 ✓) ≈ $0.00/day (pool ÷ 2 markets)"
pandc-anydis-2027-12-31,SELL,0.99,90.88,75,7.86106066534036e-46,9.82632583167545e-45,50.0,"✅ scoring — ~0.0% of ask side (14,698 resting ≥ 10,000 ✓) ≈ $0.00/day (pool ÷ 2 markets)"
pandc-anydis-2027-12-31,SELL,0.99,90.88,75,7.86106066534036e-46,9.82632583167545e-45,50.0,"✅ scoring — ~0.0% of ask side (14,698 resting ≥ 10,000 ✓) ≈ $0.00/day (pool ÷ 2 markets)"
pandc-anydis-2027-12-31,SELL,0.99,90.88,75,7.86106066534036e-46,9.82632583167545e-45,50.0,"✅ scoring — ~0.0% of ask side (14,698 resting ≥ 10,000 ✓) ≈ $0.00/day (pool ÷ 2 markets)"
pandc-anydis-2027-12-31,SELL,0.99,26.0,75,2.2489830248552968e-46,2.811228781069121e-45,50.0,"✅ scoring — ~0.0% of ask side (14,698 resting ≥ 10,000 ✓) ≈ $0.00/day (pool ÷ 2 markets)"
apdc-jerpowgov-2026-12-31,SELL,0.99,148.19,75,5.598459912494634e-52,1.3996149781236586e-50,100.0,"✅ scoring — ~0.0% of ask side (8,439 resting ≥ 5,000 ✓) ≈ $0.00/day (pool ÷ 2 markets)"
apdc-jerpowgov-2026-12-31,SELL,0.99,148.19,75,5.598459912494634e-52,1.3996149781236586e-50,100.0,"✅ scoring — ~0.0% of ask side (8,439 resting ≥ 5,000 ✓) ≈ $0.00/day (pool ÷ 2 markets)"
apdc-jerpowgov-2026-12-31,SELL,0.99,148.19,75,5.598459912494634e-52,1.3996149781236586e-50,100.0,"✅ scoring — ~0.0% of ask side (8,439 resting ≥ 5,000 ✓) ≈ $0.00/day (pool ÷ 2 markets)"
apdc-jerpowgov-2026-12-31,SELL,0.99,148.19,75,5.598459912494634e-52,1.3996149781236586e-50,100.0,"✅ scoring — ~0.0% of ask side (8,439 resting ≥ 5,000 ✓) ≈ $0.00/day (pool ÷ 2 markets)"
apdc-jerpowgov-2026-12-31,SELL,0.99,148.19,75,5.598459912494634e-52,1.3996149781236586e-50,100.0,"✅ scoring — ~0.0% of ask side (8,439 resting ≥ 5,000 ✓) ≈ $0.00/day (pool ÷ 2 markets)"
apdc-jerpowgov-2026-12-31,SELL,0.99,148.19,75,5.598459912494634e-52,1.3996149781236586e-50,100.0,"✅ scoring — ~0.0% of ask side (8,439 resting ≥ 5,000 ✓) ≈ $0.00/day (pool ÷ 2 markets)"
apdc-jerpowgov-2026-12-31,SELL,0.99,148.19,75,5.598459912494634e-52,1.3996149781236586e-50,100.0,"✅ scoring — ~0.0% of ask side (8,439 resting ≥ 5,000 ✓) ≈ $0.00/day (pool ÷ 2 markets)"
apdc-jerpowgov-2026-12-31,SELL,0.99,148.19,75,5.598459912494634e-52,1.3996149781236586e-50,100.0,"✅ scoring — ~0.0% of ask side (8,439 resting ≥ 5,000 ✓) ≈ $0.00/day (pool ÷ 2 markets)"
apdc-jerpowgov-2026-12-31,SELL,0.99,148.19,75,5.598459912494634e-52,1.3996149781236586e-50,100.0,"✅ scoring — ~0.0% of ask side (8,439 resting ≥ 5,000 ✓) ≈ $0.00/day (pool ÷ 2 markets)"
apdc-jerpowgov-2026-12-31,SELL,0.99,148.19,75,5.598459912494634e-52,1.3996149781236586e-50,100.0,"✅ scoring — ~0.0% of ask side (8,439 resting ≥ 5,000 ✓) ≈ $0.00/day (pool ÷ 2 markets)"
apdc-jerpowgov-2026-12-31,SELL,0.99,148.19,75,5.598459912494634e-52,1.3996149781236586e-50,100.0,"✅ scoring — ~0.0% of ask side (8,439 resting ≥ 5,000 ✓) ≈ $0.00/day (pool ÷ 2 markets)"
apdc-jerpowgov-2026-12-31,SELL,0.99,148.19,75,5.598459912494634e-52,1.3996149781236586e-50,100.0,"✅ scoring — ~0.0% of ask side (8,439 resting ≥ 5,000 ✓) ≈ $0.00/day (pool ÷ 2 markets)"
apdc-jerpowgov-2026-12-31,SELL,0.99,148.19,75,5.598459912494634e-52,1.3996149781236586e-50,100.0,"✅ scoring — ~0.0% of ask side (8,439 resting ≥ 5,000 ✓) ≈ $0.00/day (pool ÷ 2 markets)"
apdc-jerpowgov-2026-12-31,SELL,0.99,148.19,75,5.598459912494634e-52,1.3996149781236586e-50,100.0,"✅ scoring — ~0.0% of ask side (8,439 resting ≥ 5,000 ✓) ≈ $0.00/day (pool ÷ 2 markets)"
apdc-jerpowgov-2026-12-31,SELL,0.99,148.19,75,5.598459912494634e-52,1.3996149781236586e-50,100.0,"✅ scoring — ~0.0% of ask side (8,439 resting ≥ 5,000 ✓) ≈ $0.00/day (pool ÷ 2 markets)"
apdc-jerpowgov-2026-12-31,SELL,0.99,148.19,75,5.598459912494634e-52,1.3996149781236586e-50,100.0,"✅ scoring — ~0.0% of ask side (8,439 resting ≥ 5,000 ✓) ≈ $0.00/day (pool ÷ 2 markets)"
apdc-jerpowgov-2026-12-31,SELL,0.99,135.15,75,5.105822641026047e-52,1.2764556602565117e-50,100.0,"✅ scoring — ~0.0% of ask side (8,439 resting ≥ 5,000 ✓) ≈ $0.00/day (pool ÷ 2 markets)"
apdc-jerpowgov-2026-12-31,SELL,0.99,135.15,75,5.105822641026047e-52,1.2764556602565117e-50,100.0,"✅ scoring — ~0.0% of ask side (8,439 resting ≥ 5,000 ✓) ≈ $0.00/day (pool ÷ 2 markets)"
apdc-jerpowgov-2026-12-31,SELL,0.99,135.15,75,5.105822641026047e-52,1.2764556602565117e-50,100.0,"✅ scoring — ~0.0% of ask side (8,439 resting ≥ 5,000 ✓) ≈ $0.00/day (pool ÷ 2 markets)"
apdc-jerpowgov-2026-12-31,SELL,0.99,135.15,75,5.105822641026047e-52,1.2764556602565117e-50,100.0,"✅ scoring — ~0.0% of ask side (8,439 resting ≥ 5,000 ✓) ≈ $0.00/day (pool ÷ 2 markets)"
apdc-jerpowgov-2026-12-31,SELL,0.99,95.74,75,3.616954936380567e-52,9.042387340951417e-51,100.0,"✅ scoring — ~0.0% of ask side (8,439 resting ≥ 5,000 ✓) ≈ $0.00/day (pool ÷ 2 markets)"
apdc-jerpowgov-2026-12-31,SELL,0.99,95.74,75,3.616954936380567e-52,9.042387340951417e-51,100.0,"✅ scoring — ~0.0% of ask side (8,439 resting ≥ 5,000 ✓) ≈ $0.00/day (pool ÷ 2 markets)"
apdc-jerpowgov-2026-12-31,SELL,0.99,95.74,75,3.616954936380567e-52,9.042387340951417e-51,100.0,"✅ scoring — ~0.0% of ask side (8,439 resting ≥ 5,000 ✓) ≈ $0.00/day (pool ÷ 2 markets)"
apdc-jerpowgov-2026-12-31,SELL,0.99,95.74,75,3.616954936380567e-52,9.042387340951417e-51,100.0,"✅ scoring — ~0.0% of ask side (8,439 resting ≥ 5,000 ✓) ≈ $0.00/day (pool ÷ 2 markets)"
apdc-jerpowgov-2026-12-31,SELL,0.99,95.74,75,3.616954936380567e-52,9.042387340951417e-51,100.0,"✅ scoring — ~0.0% of ask side (8,439 resting ≥ 5,000 ✓) ≈ $0.00/day (pool ÷ 2 markets)"
apdc-jerpowgov-2026-12-31,SELL,0.99,95.74,75,3.616954936380567e-52,9.042387340951417e-51,100.0,"✅ scoring — ~0.0% of ask side (8,439 resting ≥ 5,000 ✓) ≈ $0.00/day (pool ÷ 2 markets)"
apdc-jerpowgov-2026-12-31,SELL,0.99,95.74,75,3.616954936380567e-52,9.042387340951417e-51,100.0,"✅ scoring — ~0.0% of ask side (8,439 resting ≥ 5,000 ✓) ≈ $0.00/day (pool ÷ 2 markets)"
apdc-jerpowgov-2026-12-31,SELL,0.99,95.74,75,3.616954936380567e-52,9.042387340951417e-51,100.0,"✅ scoring — ~0.0% of ask side (8,439 resting ≥ 5,000 ✓) ≈ $0.00/day (pool ÷ 2 markets)"
apdc-jerpowgov-2026-12-31,SELL,0.99,95.74,75,3.616954936380567e-52,9.042387340951417e-51,100.0,"✅ scoring — ~0.0% of ask side (8,439 resting ≥ 5,000 ✓) ≈ $0.00/day (pool ÷ 2 markets)"
apdc-jerpowgov-2026-12-31,SELL,0.99,95.74,75,3.616954936380567e-52,9.042387340951417e-51,100.0,"✅ scoring — ~0.0% of ask side (8,439 resting ≥ 5,000 ✓) ≈ $0.00/day (pool ÷ 2 markets)"
apdc-jerpowgov-2026-12-31,SELL,0.99,95.74,75,3.616954936380567e-52,9.042387340951417e-51,100.0,"✅ scoring — ~0.0% of ask side (8,439 resting ≥ 5,000 ✓) ≈ $0.00/day (pool ÷ 2 markets)"
apdc-jerpowgov-2026-12-31,SELL,0.99,95.74,75,3.616954936380567e-52,9.042387340951417e-51,100.0,"✅ scoring — ~0.0% of ask side (8,439 resting ≥ 5,000 ✓) ≈ $0.00/day (pool ÷ 2 markets)"
apdc-jerpowgov-2026-12-31,SELL,0.99,95.74,75,3.616954936380567e-52,9.042387340951417e-51,100.0,"✅ scoring — ~0.0% of ask side (8,439 resting ≥ 5,000 ✓) ≈ $0.00/day (pool ÷ 2 markets)"
apdc-jerpowgov-2026-12-31,SELL,0.99,95.74,75,3.616954936380567e-52,9.042387340951417e-51,100.0,"✅ scoring — ~0.0% of ask side (8,439 resting ≥ 5,000 ✓) ≈ $0.00/day (pool ÷ 2 markets)"
apdc-jerpowgov-2026-12-31,SELL,0.99,95.74,75,3.616954936380567e-52,9.042387340951417e-51,100.0,"✅ scoring — ~0.0% of ask side (8,439 resting ≥ 5,000 ✓) ≈ $0.00/day (pool ÷ 2 markets)"
apdc-jerpowgov-2026-12-31,SELL,0.99,95.74,75,3.616954936380567e-52,9.042387340951417e-51,100.0,"✅ scoring — ~0.0% of ask side (8,439 resting ≥ 5,000 ✓) ≈ $0.00/day (pool ÷ 2 markets)"
apdc-jerpowgov-2026-12-31,SELL,0.99,86.0,75,3.2489881400535703e-52,8.122470350133926e-51,100.0,"✅ scoring — ~0.0% of ask side (8,439 resting ≥ 5,000 ✓) ≈ $0.00/day (pool ÷ 2 markets)"
usgubewc-usgub-ma-2026-11-03-dem,BUY,0.01,1710.0,90,2.6146788990825816e-89,1.6341743119266136e-88,25.0,"✅ scoring — ~0.0% of bid side (12,324 resting ≥ 2,000 ✓) ≈ $0.00/day (pool ÷ 2 markets)"
usgubewc-usgub-ri-2026-11-03-dem,BUY,0.01,960.0,91,1.4634146341463489e-89,6.097560975609788e-89,25.0,"✅ scoring — ~0.0% of bid side (11,955 resting ≥ 2,000 ✓) ≈ $0.00/day (pool ÷ 3 markets)"
usgubewc-usgub-ri-2026-11-03-dem,BUY,0.01,760.0,91,1.1585365853658595e-89,4.827235772357748e-89,25.0,"✅ scoring — ~0.0% of bid side (11,955 resting ≥ 2,000 ✓) ≈ $0.00/day (pool ÷ 3 markets)"
usgubewc-usgub-sd-2026-11-03-dem,SELL,0.99,272.92,91,1.4364210526315864e-90,8.977631578947415e-90,25.0,"✅ scoring — ~0.0% of ask side (8,655 resting ≥ 2,000 ✓) ≈ $0.00/day (pool ÷ 2 markets)"
usgubewc-usgub-sd-2026-11-03-dem,SELL,0.99,217.91,91,1.146894736842111e-90,7.168092105263194e-90,25.0,"✅ scoring — ~0.0% of ask side (8,655 resting ≥ 2,000 ✓) ≈ $0.00/day (pool ÷ 2 markets)"
usgubewc-usgub-sd-2026-11-03-dem,SELL,0.99,191.32,91,1.0069473684210577e-90,6.293421052631611e-90,25.0,"✅ scoring — ~0.0% of ask side (8,655 resting ≥ 2,000 ✓) ≈ $0.00/day (pool ÷ 2 markets)"
usgubewc-usgub-sd-2026-11-03-dem,SELL,0.99,166.29,91,8.752105263157938e-91,5.470065789473712e-90,25.0,"✅ scoring — ~0.0% of ask side (8,655 resting ≥ 2,000 ✓) ≈ $0.00/day (pool ÷ 2 markets)"
usgubewc-usgub-sd-2026-11-03-dem,SELL,0.99,152.78,91,8.041052631578988e-91,5.0256578947368675e-90,25.0,"✅ scoring — ~0.0% of ask side (8,655 resting ≥ 2,000 ✓) ≈ $0.00/day (pool ÷ 2 markets)"
usgubewc-usgub-sd-2026-11-03-dem,SELL,0.99,149.07,91,7.84578947368425e-91,4.903618421052657e-90,25.0,"✅ scoring — ~0.0% of ask side (8,655 resting ≥ 2,000 ✓) ≈ $0.00/day (pool ÷ 2 markets)"
usgubewc-usgub-sd-2026-11-03-dem,SELL,0.99,111.97,91,5.893157894736872e-91,3.6832236842105454e-90,25.0,"✅ scoring — ~0.0% of ask side (8,655 resting ≥ 2,000 ✓) ≈ $0.00/day (pool ÷ 2 markets)"
usgubewc-usgub-sd-2026-11-03-dem,SELL,0.99,111.97,91,5.893157894736872e-91,3.6832236842105454e-90,25.0,"✅ scoring — ~0.0% of ask side (8,655 resting ≥ 2,000 ✓) ≈ $0.00/day (pool ÷ 2 markets)"
usgubewc-usgub-sd-2026-11-03-dem,SELL,0.99,98.78,91,5.198947368421078e-91,3.249342105263174e-90,25.0,"✅ scoring — ~0.0% of ask side (8,655 resting ≥ 2,000 ✓) ≈ $0.00/day (pool ÷ 2 markets)"
usgubewc-usgub-tn-2026-11-03-rep,BUY,0.01,1710.0,92,5.119760479041942e-91,3.199850299401214e-90,25.0,"✅ scoring — ~0.0% of bid side (12,010 resting ≥ 2,000 ✓) ≈ $0.00/day (pool ÷ 2 markets)"
usgubewc-usgub-sd-2026-11-03-dem,SELL,0.99,56.0,91,2.9473684210526467e-91,1.842105263157904e-90,25.0,"✅ scoring — ~0.0% of ask side (8,655 resting ≥ 2,000 ✓) ≈ $0.00/day (pool ÷ 2 markets)"
usgubewc-usgub-sd-2026-11-03-dem,SELL,0.99,30.0,91,1.5789473684210606e-91,9.868421052631629e-91,25.0,"✅ scoring — ~0.0% of ask side (8,655 resting ≥ 2,000 ✓) ≈ $0.00/day (pool ÷ 2 markets)"
usgubewc-usgub-pa-2026-11-03-rep,SELL,0.99,193.91,92,1.6716379310344913e-92,1.0447737068965571e-91,25.0,"✅ scoring — ~0.0% of ask side (8,047 resting ≥ 2,000 ✓) ≈ $0.00/day (pool ÷ 2 markets)"
usgubewc-usgub-pa-2026-11-03-rep,SELL,0.99,140.35,92,1.2099137931034544e-92,7.56196120689659e-92,25.0,"✅ scoring — ~0.0% of ask side (8,047 resting ≥ 2,000 ✓) ≈ $0.00/day (pool ÷ 2 markets)"
usgubewc-usgub-pa-2026-11-03-rep,SELL,0.99,134.26,92,1.1574137931034541e-92,7.233836206896588e-92,25.0,"✅ scoring — ~0.0% of ask side (8,047 resting ≥ 2,000 ✓) ≈ $0.00/day (pool ÷ 2 markets)"
usgubewc-usgub-pa-2026-11-03-rep,SELL,0.99,134.22,92,1.1570689655172472e-92,7.231681034482796e-92,25.0,"✅ scoring — ~0.0% of ask side (8,047 resting ≥ 2,000 ✓) ≈ $0.00/day (pool ÷ 2 markets)"
usgubewc-usgub-pa-2026-11-03-rep,SELL,0.99,131.0,92,1.129310344827592e-92,7.05818965517245e-92,25.0,"✅ scoring — ~0.0% of ask side (8,047 resting ≥ 2,000 ✓) ≈ $0.00/day (pool ÷ 2 markets)"
usgubewc-usgub-pa-2026-11-03-rep,SELL,0.99,120.27,92,1.0368103448275915e-92,6.480064655172447e-92,25.0,"✅ scoring — ~0.0% of ask side (8,047 resting ≥ 2,000 ✓) ≈ $0.00/day (pool ÷ 2 markets)"
usgubewc-usgub-sd-2026-11-03-rep,BUY,0.01,1735.0,93,4.7121128029071966e-93,2.945070501816998e-92,25.0,"✅ scoring — ~0.0% of bid side (12,517 resting ≥ 2,000 ✓) ≈ $0.00/day (pool ÷ 2 markets)"
usgubewc-usgub-wy-2026-11-03-dem,SELL,0.99,132.0,93,4.000000000000021e-93,2.500000000000013e-92,25.0,"✅ scoring — ~0.0% of ask side (9,039 resting ≥ 2,000 ✓) ≈ $0.00/day (pool ÷ 2 markets)"
usgubewc-usgub-wy-2026-11-03-dem,SELL,0.99,132.0,93,4.000000000000021e-93,2.500000000000013e-92,25.0,"✅ scoring — ~0.0% of ask side (9,039 resting ≥ 2,000 ✓) ≈ $0.00/day (pool ÷ 2 markets)"
usgubewc-usgub-wy-2026-11-03-dem,SELL,0.99,132.0,93,4.000000000000021e-93,2.500000000000013e-92,25.0,"✅ scoring — ~0.0% of ask side (9,039 resting ≥ 2,000 ✓) ≈ $0.00/day (pool ÷ 2 markets)"
usgubewc-usgub-wy-2026-11-03-dem,SELL,0.99,132.0,93,4.000000000000021e-93,2.500000000000013e-92,25.0,"✅ scoring — ~0.0% of ask side (9,039 resting ≥ 2,000 ✓) ≈ $0.00/day (pool ÷ 2 markets)"
usgubewc-usgub-wy-2026-11-03-dem,SELL,0.99,132.0,93,4.000000000000021e-93,2.500000000000013e-92,25.0,"✅ scoring — ~0.0% of ask side (9,039 resting ≥ 2,000 ✓) ≈ $0.00/day (pool ÷ 2 markets)"
usgubewc-usgub-wy-2026-11-03-dem,SELL,0.99,132.0,93,4.000000000000021e-93,2.500000000000013e-92,25.0,"✅ scoring — ~0.0% of ask side (9,039 resting ≥ 2,000 ✓) ≈ $0.00/day (pool ÷ 2 markets)"
usgubewc-usgub-wy-2026-11-03-dem,SELL,0.99,132.0,93,4.000000000000021e-93,2.500000000000013e-92,25.0,"✅ scoring — ~0.0% of ask side (9,039 resting ≥ 2,000 ✓) ≈ $0.00/day (pool ÷ 2 markets)"
usgubewc-usgub-wy-2026-11-03-dem,SELL,0.99,132.0,93,4.000000000000021e-93,2.500000000000013e-92,25.0,"✅ scoring — ~0.0% of ask side (9,039 resting ≥ 2,000 ✓) ≈ $0.00/day (pool ÷ 2 markets)"
usgubewc-usgub-wy-2026-11-03-dem,SELL,0.99,132.0,93,4.000000000000021e-93,2.500000000000013e-92,25.0,"✅ scoring — ~0.0% of ask side (9,039 resting ≥ 2,000 ✓) ≈ $0.00/day (pool ÷ 2 markets)"
usgubewc-usgub-wy-2026-11-03-dem,SELL,0.99,132.0,93,4.000000000000021e-93,2.500000000000013e-92,25.0,"✅ scoring — ~0.0% of ask side (9,039 resting ≥ 2,000 ✓) ≈ $0.00/day (pool ÷ 2 markets)"
usgubewc-usgub-wy-2026-11-03-dem,SELL,0.99,132.0,93,4.000000000000021e-93,2.500000000000013e-92,25.0,"✅ scoring — ~0.0% of ask side (9,039 resting ≥ 2,000 ✓) ≈ $0.00/day (pool ÷ 2 markets)"
usgubewc-usgub-wy-2026-11-03-dem,SELL,0.99,132.0,93,4.000000000000021e-93,2.500000000000013e-92,25.0,"✅ scoring — ~0.0% of ask side (9,039 resting ≥ 2,000 ✓) ≈ $0.00/day (pool ÷ 2 markets)"
usgubewc-usgub-wy-2026-11-03-dem,SELL,0.99,132.0,93,4.000000000000021e-93,2.500000000000013e-92,25.0,"✅ scoring — ~0.0% of ask side (9,039 resting ≥ 2,000 ✓) ≈ $0.00/day (pool ÷ 2 markets)"
usgubewc-usgub-wy-2026-11-03-dem,SELL,0.99,81.0,93,2.454545454545467e-93,1.534090909090917e-92,25.0,"✅ scoring — ~0.0% of ask side (9,039 resting ≥ 2,000 ✓) ≈ $0.00/day (pool ÷ 2 markets)"
usgubewc-usgub-wy-2026-11-03-dem,SELL,0.99,79.0,93,2.3939393939394066e-93,1.496212121212129e-92,25.0,"✅ scoring — ~0.0% of ask side (9,039 resting ≥ 2,000 ✓) ≈ $0.00/day (pool ÷ 2 markets)"
usgubewc-usgub-pa-2026-11-03-dem,BUY,0.01,320.0,93,1.0322580645161344e-93,6.4516129032258405e-93,25.0,"✅ scoring — ~0.0% of bid side (10,830 resting ≥ 2,000 ✓) ≈ $0.00/day (pool ÷ 2 markets)"
usgubewc-usgub-wy-2026-11-03-rep,BUY,0.01,1750.0,95,4.807692307692333e-94,3.0048076923077084e-93,25.0,"✅ scoring — ~0.0% of bid side (12,071 resting ≥ 2,000 ✓) ≈ $0.00/day (pool ÷ 2 markets)"
enwc-uspres-nom-dem-2028-petbut,SELL,0.49,50.0,0,,,300.0,"❌ side has 250 of 10,000 Target Size — side not qualifying"
dccc-measles-us-2026-12-31-gt4500,BUY,0.42,10.0,0,,,50.0,"❌ side has 294 of 10,000 Target Size — side not qualifying"
enwc-uspres-nom-rep-2028-dontru,SELL,0.47,33.0,0,,,300.0,"❌ side has 233 of 10,000 Target Size — side not qualifying"
ewc-usp-2028-11-07-jdvan,SELL,0.51,33.0,0,,,300.0,"❌ side has 258 of 10,000 Target Size — side not qualifying"
ewc-usp-2028-11-07-rondes,SELL,0.51,33.0,0,,,300.0,"❌ side has 258 of 10,000 Target Size — side not qualifying"
enwc-uspres-nom-rep-2028-thomas,SELL,0.51,33.0,0,,,300.0,"❌ side has 233 of 10,000 Target Size — side not qualifying"
enwc-uspres-nom-rep-2028-tuccar,SELL,0.51,33.0,0,,,300.0,"❌ side has 233 of 10,000 Target Size — side not qualifying"
enwc-uspres-nom-rep-2028-vivram,SELL,0.51,33.0,0,,,300.0,"❌ side has 233 of 10,000 Target Size — side not qualifying"
enwc-uspres-nom-dem-2028-stasmi,SELL,0.51,33.0,0,,,300.0,"❌ side has 233 of 10,000 Target Size — side not qualifying"
enwc-uspres-nom-dem-2028-jamtal,SELL,0.49,33.0,0,,,300.0,"❌ side has 333 of 10,000 Target Size — side not qualifying"
enwc-uspres-nom-dem-2028-micoba,SELL,0.51,33.0,0,,,300.0,"❌ side has 233 of 10,000 Target Size — side not qualifying"
ewc-usp-2028-11-07-andbes,SELL,0.51,33.0,0,,,300.0,"❌ side has 258 of 10,000 Target Size — side not qualifying"
enwc-uspres-nom-rep-2028-marrub,SELL,0.53,50.0,0,,,300.0,"❌ side has 250 of 10,000 Target Size — side not qualifying"
ewc-usp-2028-11-07-elomus,SELL,0.51,33.0,0,,,300.0,"❌ side has 258 of 10,000 Target Size — side not qualifying"
ewc-usp-2028-11-07-gleyou,SELL,0.51,50.0,0,,,300.0,"❌ side has 275 of 10,000 Target Size — side not qualifying"
enwc-uspres-nom-dem-2028-kamhar,SELL,0.49,33.0,0,,,300.0,"❌ side has 233 of 10,000 Target Size — side not qualifying"
enwc-uspres-nom-dem-2028-markel,SELL,0.51,50.0,0,,,300.0,"❌ side has 250 of 10,000 Target Size — side not qualifying"
enwc-uspres-nom-rep-2028-ranpau,SELL,0.51,33.0,0,,,300.0,"❌ side has 9,934 of 10,000 Target Size — side not qualifying"
enwc-uspres-nom-rep-2028-dontrujr,SELL,0.45,33.0,0,,,300.0,"❌ side has 233 of 10,000 Target Size — side not qualifying"
ewc-usp-2028-11-07-rokha,SELL,0.51,33.0,0,,,300.0,"❌ side has 258 of 10,000 Target Size — side not qualifying"
ewc-usp-2028-11-07-tulgab,SELL,0.51,33.0,0,,,300.0,"❌ side has 258 of 10,000 Target Size — side not qualifying"
enwc-uspres-nom-rep-2028-elomus,SELL,0.49,33.0,0,,,300.0,"❌ side has 233 of 10,000 Target Size — side not qualifying"
enwc-uspres-nom-rep-2028-rondes,SELL,0.43,33.0,0,,,300.0,"❌ side has 233 of 10,000 Target Size — side not qualifying"
ewc-usp-2028-11-07-dwajoh,SELL,0.51,33.0,0,,,300.0,"❌ side has 258 of 10,000 Target Size — side not qualifying"
ewc-usp-2028-11-07-jonoss,SELL,0.51,33.0,0,,,300.0,"❌ side has 258 of 10,000 Target Size — side not qualifying"
ewc-usp-2028-11-07-jossha,SELL,0.51,33.0,0,,,300.0,"❌ side has 258 of 10,000 Target Size — side not qualifying"
enwc-uspres-nom-rep-2028-tedcru,SELL,0.51,33.0,0,,,300.0,"❌ side has 233 of 10,000 Target Size — side not qualifying"
ewc-usp-2028-11-07-wesmoo,SELL,0.51,33.0,0,,,300.0,"❌ side has 258 of 10,000 Target Size — side not qualifying"
ewc-usp-2028-11-07-petbut,SELL,0.51,33.0,0,,,300.0,"❌ side has 258 of 10,000 Target Size — side not qualifying"
enwc-uspres-nom-dem-2028-dwajoh,SELL,0.51,50.0,0,,,300.0,"❌ side has 250 of 10,000 Target Size — side not qualifying"
ewc-usp-2028-11-07-tuccar,SELL,0.51,50.0,0,,,300.0,"❌ side has 275 of 10,000 Target Size — side not qualifying"
ewc-usp-2028-11-07-jbpri,SELL,0.51,33.0,0,,,300.0,"❌ side has 258 of 10,000 Target Size — side not qualifying"
ewc-usp-2028-11-07-jamtal,SELL,0.51,33.0,0,,,300.0,"❌ side has 258 of 10,000 Target Size — side not qualifying"
ewc-usp-2028-11-07-micoba,SELL,0.51,33.0,0,,,300.0,"❌ side has 258 of 10,000 Target Size — side not qualifying"
enwc-uspres-nom-dem-2028-wesmoo,SELL,0.49,33.0,0,,,300.0,"❌ side has 233 of 10,000 Target Size — side not qualifying"
ewc-usp-2028-11-07-vivram,SELL,0.51,33.0,0,,,300.0,"❌ side has 258 of 10,000 Target Size — side not qualifying"
enwc-uspres-nom-dem-2028-rahema,SELL,0.49,50.0,0,,,300.0,"❌ side has 250 of 10,000 Target Size — side not qualifying"
ewc-usp-2028-11-07-rahema,SELL,0.51,33.0,0,,,300.0,"❌ side has 258 of 10,000 Target Size — side not qualifying"
enwc-uspres-nom-rep-2028-gleyou,SELL,0.51,50.0,0,,,300.0,"❌ side has 250 of 10,000 Target Size — side not qualifying"
enwc-uspres-nom-dem-2028-jbpri,SELL,0.51,33.0,0,,,300.0,"❌ side has 233 of 10,000 Target Size — side not qualifying"
enwc-uspres-nom-rep-2028-margre,SELL,0.51,33.0,0,,,300.0,"❌ side has 233 of 10,000 Target Size — side not qualifying"
enwc-uspres-nom-rep-2028-tulgab,SELL,0.43,33.0,0,,,300.0,"❌ side has 233 of 10,000 Target Size — side not qualifying"
ewc-usp-2028-11-07-aleocc,SELL,0.51,33.0,0,,,300.0,"❌ side has 258 of 10,000 Target Size — side not qualifying"
ewc-usp-2028-11-07-dontru,SELL,0.51,33.0,0,,,300.0,"❌ side has 258 of 10,000 Target Size — side not qualifying"
ewc-usp-2028-11-07-stasmi,SELL,0.51,33.0,0,,,300.0,"❌ side has 258 of 10,000 Target Size — side not qualifying"
usgubewc-usgub-tx-2026-11-03-dem,BUY,0.15,25.0,0,,,25.0,"❌ side has 245 of 2,000 Target Size — side not qualifying"
usgubewc-usgub-tx-2026-11-03-dem,SELL,0.31,10.0,0,,,25.0,"❌ side has 425 of 2,000 Target Size — side not qualifying"
enwc-uspres-nom-dem-2028-aleocc,SELL,0.49,33.0,0,,,300.0,"❌ side has 233 of 10,000 Target Size — side not qualifying"
enwc-uspres-nom-dem-2028-jonste,SELL,0.51,50.0,0,,,300.0,"❌ side has 250 of 10,000 Target Size — side not qualifying"
enwc-uspres-nom-dem-2028-jossha,SELL,0.51,33.0,0,,,300.0,"❌ side has 233 of 10,000 Target Size — side not qualifying"
ewc-usp-2028-11-07-gavnew,SELL,0.51,50.0,0,,,300.0,"❌ side has 275 of 10,000 Target Size — side not qualifying"
ewc-usp-2028-11-07-thomas,SELL,0.51,33.0,0,,,300.0,"❌ side has 258 of 10,000 Target Size — side not qualifying"
ewc-usp-2028-11-07-marrub,SELL,0.51,33.0,0,,,300.0,"❌ side has 258 of 10,000 Target Size — side not qualifying"
enwc-uspres-nom-dem-2028-rokha,SELL,0.51,33.0,0,,,300.0,"❌ side has 233 of 10,000 Target Size — side not qualifying"
ewc-usp-2028-11-07-kamhar,SELL,0.25,33.0,0,,,300.0,"❌ side has 258 of 10,000 Target Size — side not qualifying"
ewc-usp-2028-11-07-dontrujr,SELL,0.51,33.0,0,,,300.0,"❌ side has 258 of 10,000 Target Size — side not qualifying"
ussewc-usse-wv-2026-11-03-dem,BUY,0.01,1400.0,1,,,25.0,❌ outside Target Size window (order 1 tick from best; window ends 0)
ussewc-usse-ma-2026-11-03-rep,BUY,0.01,1237.0,1,,,25.0,❌ outside Target Size window (order 1 tick from best; window ends 0)
ussewc-usse-ma-2026-11-03-dem,SELL,0.98,81.38,1,,,25.0,❌ outside Target Size window (order 1 tick from best; window ends 0)
usgubewc-usgub-ri-2026-11-03-rep,BUY,0.01,1150.0,1,,,25.0,❌ outside Target Size window (order 1 tick from best; window ends 0)
ussewc-usse-wv-2026-11-03-rep,SELL,0.99,222.43,1,,,25.0,❌ outside Target Size window (order 1 tick from best; window ends 0)
ussewc-usse-wv-2026-11-03-rep,SELL,0.99,190.0,1,,,25.0,❌ outside Target Size window (order 1 tick from best; window ends 0)
ussewc-usse-wv-2026-11-03-rep,SELL,0.99,222.43,1,,,25.0,❌ outside Target Size window (order 1 tick from best; window ends 0)
ussewc-usse-wv-2026-11-03-rep,SELL,0.99,222.43,1,,,25.0,❌ outside Target Size window (order 1 tick from best; window ends 0)
ussewc-usse-wv-2026-11-03-rep,SELL,0.99,222.43,1,,,25.0,❌ outside Target Size window (order 1 tick from best; window ends 0)
ussewc-usse-wv-2026-11-03-rep,SELL,0.99,222.43,1,,,25.0,❌ outside Target Size window (order 1 tick from best; window ends 0)
ussewc-usse-wv-2026-11-03-rep,SELL,0.99,222.43,1,,,25.0,❌ outside Target Size window (order 1 tick from best; window ends 0)
ussewc-usse-wv-2026-11-03-rep,SELL,0.99,222.43,1,,,25.0,❌ outside Target Size window (order 1 tick from best; window ends 0)
ussewc-usse-wv-2026-11-03-rep,SELL,0.99,206.55,1,,,25.0,❌ outside Target Size window (order 1 tick from best; window ends 0)
ussewc-usse-wv-2026-11-03-rep,SELL,0.99,197.36,1,,,25.0,❌ outside Target Size window (order 1 tick from best; window ends 0)
ussewc-usse-wv-2026-11-03-rep,SELL,0.99,222.43,1,,,25.0,❌ outside Target Size window (order 1 tick from best; window ends 0)
ussewc-usse-wv-2026-11-03-rep,SELL,0.99,197.32,1,,,25.0,❌ outside Target Size window (order 1 tick from best; window ends 0)
ussewc-usse-wv-2026-11-03-rep,SELL,0.99,222.43,1,,,25.0,❌ outside Target Size window (order 1 tick from best; window ends 0)
ussewc-usse-wv-2026-11-03-rep,SELL,0.99,222.43,1,,,25.0,❌ outside Target Size window (order 1 tick from best; window ends 0)
ussewc-usse-tn-2026-11-03-rep,SELL,0.96,40.0,1,,,25.0,❌ outside Target Size window (order 1 tick from best; window ends 0)
usgubewc-usgub-tx-2026-11-03-rep,SELL,0.88,10.0,1,,,25.0,❌ outside Target Size window (order 1 tick from best; window ends 0)
ussewc-usse-nm-2026-11-03-rep,BUY,0.01,4971.0,1,,,25.0,❌ outside Target Size window (order 1 tick from best; window ends 0)
ussewc-usse-il-2026-11-03-dem,SELL,0.99,222.43,1,,,25.0,❌ outside Target Size window (order 1 tick from best; window ends 0)
ussewc-usse-il-2026-11-03-dem,SELL,0.99,222.43,1,,,25.0,❌ outside Target Size window (order 1 tick from best; window ends 0)
ussewc-usse-il-2026-11-03-dem,SELL,0.99,222.43,1,,,25.0,❌ outside Target Size window (order 1 tick from best; window ends 0)
ussewc-usse-de-2026-11-03-rep,BUY,0.02,300.0,1,,,25.0,❌ outside Target Size window (order 1 tick from best; window ends 0)
ussewc-usse-de-2026-11-03-dem,SELL,0.96,40.0,1,,,25.0,❌ outside Target Size window (order 1 tick from best; window ends 0)
usgubewc-usgub-il-2026-11-03-dem,SELL,0.99,206.54,2,,,25.0,❌ outside Target Size window (order 2 ticks from best; window ends 0)
usgubewc-usgub-il-2026-11-03-dem,SELL,0.99,75.0,2,,,25.0,❌ outside Target Size window (order 2 ticks from best; window ends 0)
usgubewc-usgub-il-2026-11-03-dem,SELL,0.99,206.54,2,,,25.0,❌ outside Target Size window (order 2 ticks from best; window ends 0)
usgubewc-usgub-il-2026-11-03-dem,SELL,0.99,100.0,2,,,25.0,❌ outside Target Size window (order 2 ticks from best; window ends 0)
usgubewc-usgub-mn-2026-11-03-dem,SELL,0.99,220.92,2,,,25.0,❌ outside Target Size window (order 2 ticks from best; window ends 0)
ussewc-usse-ma-2026-11-03-dem,SELL,0.99,222.43,2,,,25.0,❌ outside Target Size window (order 2 ticks from best; window ends 0)
ussewc-usse-ma-2026-11-03-dem,SELL,0.99,222.43,2,,,25.0,❌ outside Target Size window (order 2 ticks from best; window ends 0)
ussewc-usse-ma-2026-11-03-dem,SELL,0.99,222.43,2,,,25.0,❌ outside Target Size window (order 2 ticks from best; window ends 0)
ussewc-usse-ma-2026-11-03-dem,SELL,0.99,222.43,2,,,25.0,❌ outside Target Size window (order 2 ticks from best; window ends 0)
ussewc-usse-ma-2026-11-03-dem,SELL,0.99,197.32,2,,,25.0,❌ outside Target Size window (order 2 ticks from best; window ends 0)
ussewc-usse-ma-2026-11-03-dem,SELL,0.99,222.43,2,,,25.0,❌ outside Target Size window (order 2 ticks from best; window ends 0)
ussewc-usse-ma-2026-11-03-dem,SELL,0.99,222.43,2,,,25.0,❌ outside Target Size window (order 2 ticks from best; window ends 0)
ussewc-usse-ma-2026-11-03-dem,SELL,0.99,222.43,2,,,25.0,❌ outside Target Size window (order 2 ticks from best; window ends 0)
ussewc-usse-ma-2026-11-03-dem,SELL,0.99,222.43,2,,,25.0,❌ outside Target Size window (order 2 ticks from best; window ends 0)
ussewc-usse-ma-2026-11-03-dem,SELL,0.99,222.43,2,,,25.0,❌ outside Target Size window (order 2 ticks from best; window ends 0)
ussewc-usse-ma-2026-11-03-dem,SELL,0.99,222.43,2,,,25.0,❌ outside Target Size window (order 2 ticks from best; window ends 0)
ussewc-usse-ma-2026-11-03-dem,SELL,0.99,222.43,2,,,25.0,❌ outside Target Size window (order 2 ticks from best; window ends 0)
ussewc-usse-ri-2026-11-03-rep,BUY,0.01,1400.0,2,,,25.0,❌ outside Target Size window (order 2 ticks from best; window ends 0)
usgubewc-usgub-wy-2026-11-03-rep,SELL,0.99,222.43,2,,,25.0,❌ outside Target Size window (order 2 ticks from best; window ends 0)
usgubewc-usgub-wy-2026-11-03-rep,SELL,0.99,222.43,2,,,25.0,❌ outside Target Size window (order 2 ticks from best; window ends 0)
usgubewc-usgub-wy-2026-11-03-rep,SELL,0.99,222.43,2,,,25.0,❌ outside Target Size window (order 2 ticks from best; window ends 0)
usgubewc-usgub-wy-2026-11-03-rep,SELL,0.99,197.32,2,,,25.0,❌ outside Target Size window (order 2 ticks from best; window ends 0)
usgubewc-usgub-wy-2026-11-03-rep,SELL,0.99,222.43,2,,,25.0,❌ outside Target Size window (order 2 ticks from best; window ends 0)
usgubewc-usgub-wy-2026-11-03-rep,SELL,0.99,154.47,2,,,25.0,❌ outside Target Size window (order 2 ticks from best; window ends 0)
usgubewc-usgub-wy-2026-11-03-rep,SELL,0.99,222.43,2,,,25.0,❌ outside Target Size window (order 2 ticks from best; window ends 0)
usgubewc-usgub-wy-2026-11-03-rep,SELL,0.99,222.43,2,,,25.0,❌ outside Target Size window (order 2 ticks from best; window ends 0)
usgubewc-usgub-wy-2026-11-03-rep,SELL,0.99,222.43,2,,,25.0,❌ outside Target Size window (order 2 ticks from best; window ends 0)
usgubewc-usgub-wy-2026-11-03-rep,SELL,0.99,222.43,2,,,25.0,❌ outside Target Size window (order 2 ticks from best; window ends 0)
usgubewc-usgub-wy-2026-11-03-rep,SELL,0.99,197.36,2,,,25.0,❌ outside Target Size window (order 2 ticks from best; window ends 0)
usgubewc-usgub-wy-2026-11-03-rep,SELL,0.99,222.43,2,,,25.0,❌ outside Target Size window (order 2 ticks from best; window ends 0)
usgubewc-usgub-wy-2026-11-03-rep,SELL,0.99,222.43,2,,,25.0,❌ outside Target Size window (order 2 ticks from best; window ends 0)
ussewc-usse-ri-2026-11-03-dem,SELL,0.99,120.28,3,,,25.0,❌ outside Target Size window (order 3 ticks from best; window ends 0)
ussewc-usse-co-2026-11-03-dem,SELL,0.99,120.28,3,,,25.0,❌ outside Target Size window (order 3 ticks from best; window ends 1)
ussewc-usse-co-2026-11-03-dem,SELL,0.99,102.78,3,,,25.0,❌ outside Target Size window (order 3 ticks from best; window ends 1)
usgubewc-usgub-sc-2026-11-03-dem,BUY,0.02,1000.0,3,,,25.0,❌ outside Target Size window (order 3 ticks from best; window ends 1)
usgubewc-usgub-co-2026-11-03-rep,BUY,0.02,500.0,3,,,25.0,❌ outside Target Size window (order 3 ticks from best; window ends 2)
usgubewc-usgub-pa-2026-11-03-dem,SELL,0.99,134.26,4,,,25.0,❌ outside Target Size window (order 4 ticks from best; window ends 0)
usgubewc-usgub-tn-2026-11-03-rep,SELL,0.99,137.29,5,,,25.0,❌ outside Target Size window (order 5 ticks from best; window ends 0)
usgubewc-usgub-pa-2026-11-03-rep,BUY,0.01,1600.0,5,,,25.0,❌ outside Target Size window (order 5 ticks from best; window ends 0)
usgubewc-usgub-ne-2026-11-03-rep,SELL,0.99,28.0,6,,,25.0,❌ outside Target Size window (order 6 ticks from best; window ends 0)
usgubewc-usgub-ne-2026-11-03-rep,SELL,0.99,217.91,6,,,25.0,❌ outside Target Size window (order 6 ticks from best; window ends 0)
usgubewc-usgub-ne-2026-11-03-rep,SELL,0.99,140.35,6,,,25.0,❌ outside Target Size window (order 6 ticks from best; window ends 0)
enwc-uspres-nom-rep-2028-ranpau,SELL,0.99,208.65,48,,,300.0,"❌ side has 9,934 of 10,000 Target Size — side not qualifying"
enwc-uspres-nom-rep-2028-ranpau,SELL,0.99,208.65,48,,,300.0,"❌ side has 9,934 of 10,000 Target Size — side not qualifying"
enwc-uspres-nom-rep-2028-ranpau,SELL,0.99,208.65,48,,,300.0,"❌ side has 9,934 of 10,000 Target Size — side not qualifying"
enwc-uspres-nom-rep-2028-ranpau,SELL,0.99,208.65,48,,,300.0,"❌ side has 9,934 of 10,000 Target Size — side not qualifying"
enwc-uspres-nom-rep-2028-ranpau,SELL,0.99,208.65,48,,,300.0,"❌ side has 9,934 of 10,000 Target Size — side not qualifying"
enwc-uspres-nom-rep-2028-ranpau,SELL,0.99,208.65,48,,,300.0,"❌ side has 9,934 of 10,000 Target Size — side not qualifying"
enwc-uspres-nom-rep-2028-ranpau,SELL,0.99,85.0,48,,,300.0,"❌ side has 9,934 of 10,000 Target Size — side not qualifying"
enwc-uspres-nom-rep-2028-ranpau,SELL,0.99,208.65,48,,,300.0,"❌ side has 9,934 of 10,000 Target Size — side not qualifying"
enwc-uspres-nom-rep-2028-ranpau,SELL,0.99,208.65,48,,,300.0,"❌ side has 9,934 of 10,000 Target Size — side not qualifying"
enwc-uspres-nom-rep-2028-ranpau,SELL,0.99,208.65,48,,,300.0,"❌ side has 9,934 of 10,000 Target Size — side not qualifying"
enwc-uspres-nom-rep-2028-ranpau,SELL,0.99,208.65,48,,,300.0,"❌ side has 9,934 of 10,000 Target Size — side not qualifying"
enwc-uspres-nom-rep-2028-ranpau,SELL,0.99,208.65,48,,,300.0,"❌ side has 9,934 of 10,000 Target Size — side not qualifying"
enwc-uspres-nom-rep-2028-ranpau,SELL,0.99,208.65,48,,,300.0,"❌ side has 9,934 of 10,000 Target Size — side not qualifying"
enwc-uspres-nom-rep-2028-ranpau,SELL,0.99,208.65,48,,,300.0,"❌ side has 9,934 of 10,000 Target Size — side not qualifying"
enwc-uspres-nom-rep-2028-ranpau,SELL,0.99,208.65,48,,,300.0,"❌ side has 9,934 of 10,000 Target Size — side not qualifying"
enwc-uspres-nom-rep-2028-ranpau,SELL,0.99,208.65,48,,,300.0,"❌ side has 9,934 of 10,000 Target Size — side not qualifying"
enwc-uspres-nom-rep-2028-ranpau,SELL,0.99,208.65,48,,,300.0,"❌ side has 9,934 of 10,000 Target Size — side not qualifying"
enwc-uspres-nom-rep-2028-ranpau,SELL,0.99,208.65,48,,,300.0,"❌ side has 9,934 of 10,000 Target Size — side not qualifying"
enwc-uspres-nom-rep-2028-ranpau,SELL,0.99,208.65,48,,,300.0,"❌ side has 9,934 of 10,000 Target Size — side not qualifying"
enwc-uspres-nom-rep-2028-ranpau,SELL,0.99,208.65,48,,,300.0,"❌ side has 9,934 of 10,000 Target Size — side not qualifying"
enwc-uspres-nom-rep-2028-ranpau,SELL,0.99,208.65,48,,,300.0,"❌ side has 9,934 of 10,000 Target Size — side not qualifying"
enwc-uspres-nom-rep-2028-ranpau,SELL,0.99,208.65,48,,,300.0,"❌ side has 9,934 of 10,000 Target Size — side not qualifying"
enwc-uspres-nom-rep-2028-ranpau,SELL,0.99,208.65,48,,,300.0,"❌ side has 9,934 of 10,000 Target Size — side not qualifying"
enwc-uspres-nom-rep-2028-ranpau,SELL,0.99,208.65,48,,,300.0,"❌ side has 9,934 of 10,000 Target Size — side not qualifying"
enwc-uspres-nom-rep-2028-ranpau,SELL,0.99,208.65,48,,,300.0,"❌ side has 9,934 of 10,000 Target Size — side not qualifying"
enwc-uspres-nom-rep-2028-ranpau,SELL,0.99,18.0,48,,,300.0,"❌ side has 9,934 of 10,000 Target Size — side not qualifying"
enwc-uspres-nom-rep-2028-ranpau,SELL,0.99,208.65,48,,,300.0,"❌ side has 9,934 of 10,000 Target Size — side not qualifying"
enwc-uspres-nom-rep-2028-ranpau,SELL,0.99,208.65,48,,,300.0,"❌ side has 9,934 of 10,000 Target Size — side not qualifying"
enwc-uspres-nom-rep-2028-ranpau,SELL,0.99,208.65,48,,,300.0,"❌ side has 9,934 of 10,000 Target Size — side not qualifying"
enwc-uspres-nom-rep-2028-ranpau,SELL,0.99,208.65,48,,,300.0,"❌ side has 9,934 of 10,000 Target Size — side not qualifying"
enwc-uspres-nom-rep-2028-ranpau,SELL,0.99,208.65,48,,,300.0,"❌ side has 9,934 of 10,000 Target Size — side not qualifying"
enwc-uspres-nom-rep-2028-ranpau,SELL,0.99,208.65,48,,,300.0,"❌ side has 9,934 of 10,000 Target Size — side not qualifying"
enwc-uspres-nom-rep-2028-ranpau,SELL,0.99,208.65,48,,,300.0,"❌ side has 9,934 of 10,000 Target Size — side not qualifying"
enwc-uspres-nom-rep-2028-ranpau,SELL,0.99,208.65,48,,,300.0,"❌ side has 9,934 of 10,000 Target Size — side not qualifying"
enwc-uspres-nom-rep-2028-ranpau,SELL,0.99,208.65,48,,,300.0,"❌ side has 9,934 of 10,000 Target Size — side not qualifying"
enwc-uspres-nom-rep-2028-ranpau,SELL,0.99,208.65,48,,,300.0,"❌ side has 9,934 of 10,000 Target Size — side not qualifying"
enwc-uspres-nom-rep-2028-ranpau,SELL,0.99,208.65,48,,,300.0,"❌ side has 9,934 of 10,000 Target Size — side not qualifying"
enwc-uspres-nom-rep-2028-ranpau,SELL,0.99,208.65,48,,,300.0,"❌ side has 9,934 of 10,000 Target Size — side not qualifying"
enwc-uspres-nom-rep-2028-ranpau,SELL,0.99,208.65,48,,,300.0,"❌ side has 9,934 of 10,000 Target Size — side not qualifying"
enwc-uspres-nom-rep-2028-ranpau,SELL,0.99,208.65,48,,,300.0,"❌ side has 9,934 of 10,000 Target Size — side not qualifying"
enwc-uspres-nom-rep-2028-ranpau,SELL,0.99,208.65,48,,,300.0,"❌ side has 9,934 of 10,000 Target Size — side not qualifying"
enwc-uspres-nom-rep-2028-ranpau,SELL,0.99,208.65,48,,,300.0,"❌ side has 9,934 of 10,000 Target Size — side not qualifying"
enwc-uspres-nom-rep-2028-ranpau,SELL,0.99,208.65,48,,,300.0,"❌ side has 9,934 of 10,000 Target Size — side not qualifying"
enwc-uspres-nom-rep-2028-ranpau,SELL,0.99,208.65,48,,,300.0,"❌ side has 9,934 of 10,000 Target Size — side not qualifying"
enwc-uspres-nom-rep-2028-ranpau,SELL,0.99,208.65,48,,,300.0,"❌ side has 9,934 of 10,000 Target Size — side not qualifying"
enwc-uspres-nom-rep-2028-ranpau,SELL,0.99,208.65,48,,,300.0,"❌ side has 9,934 of 10,000 Target Size — side not qualifying"
enwc-uspres-nom-rep-2028-ranpau,SELL,0.99,208.65,48,,,300.0,"❌ side has 9,934 of 10,000 Target Size — side not qualifying"
enwc-uspres-nom-rep-2028-ranpau,SELL,0.99,208.65,48,,,300.0,"❌ side has 9,934 of 10,000 Target Size — side not qualifying"
