market,kind,side,touch_px,touch_size,near_size,total_size,target,qualifies,share_pct,est_day_usd,risk_usd,share_per_dollar,note
tec-wnba-champion-2026-10-31-w-min,tec-wnba-champion,BUY,0.46,1260.0,12301.31,16498.82,5000.0,1,0.0098,0.0008,0.46,0.0002,
tec-wnba-champion-2026-10-31-w-min,tec-wnba-champion,SELL,0.47,6621.73,7086.06,16122.06,5000.0,1,0.0151,0.0013,0.47,0.0003,
tec-wnba-champion-2026-10-31-w-gsv,tec-wnba-champion,BUY,0.11,31859.81,37059.81,67491.81,5000.0,1,0.0031,0.0003,0.11,0.0003,
tec-wnba-champion-2026-10-31-w-gsv,tec-wnba-champion,SELL,0.13,9771.31,9771.31,43164.97,5000.0,1,0.0102,0.0009,0.13,0.0008,
tec-wnba-champion-2026-10-31-w-ind,tec-wnba-champion,BUY,0.12,1247.39,18615.2,48982.11,5000.0,1,0.0064,0.0005,0.12,0.0005,
tec-wnba-champion-2026-10-31-w-ind,tec-wnba-champion,SELL,0.13,1263.87,1263.87,35066.87,5000.0,1,0.054,0.0045,0.13,0.0042,
tec-wnba-champion-2026-10-31-w-lv,tec-wnba-champion,BUY,0.12,19620.53,24620.53,52287.53,5000.0,1,0.0051,0.0004,0.12,0.0004,
tec-wnba-champion-2026-10-31-w-lv,tec-wnba-champion,SELL,0.13,4007.39,11892.73,48449.65,5000.0,1,0.0154,0.0013,0.13,0.0012,
tec-wnba-champion-2026-10-31-w-atl,tec-wnba-champion,BUY,0.09,24853.05,24853.05,54007.57,5000.0,1,0.004,0.0003,0.09,0.0004,
tec-wnba-champion-2026-10-31-w-atl,tec-wnba-champion,SELL,0.1,88.0,7143.66,41866.66,5000.0,1,0.0189,0.0016,0.1,0.0019,
tec-wnba-champion-2026-10-31-w-ny,tec-wnba-champion,BUY,0.06,27540.33,28995.16,56689.16,5000.0,1,0.0036,0.0003,0.06,0.0006,
tec-wnba-champion-2026-10-31-w-ny,tec-wnba-champion,SELL,0.07,11206.5,18077.05,54004.05,5000.0,1,0.0089,0.0007,0.07,0.0013,
tec-wnba-champion-2026-10-31-w-wsh,tec-wnba-champion,BUY,0.01,175887.0,175887.0,175887.0,5000.0,1,0.0006,0.0,0.01,0.0006,
tec-wnba-champion-2026-10-31-w-wsh,tec-wnba-champion,SELL,0.03,2267.29,2722.61,36200.61,5000.0,1,0.0318,0.0027,0.03,0.0106,
tec-wnba-champion-2026-10-31-w-dal,tec-wnba-champion,BUY,0.01,617213.66,617213.66,617213.66,5000.0,1,0.0002,0.0,0.01,0.0002,
tec-wnba-champion-2026-10-31-w-dal,tec-wnba-champion,SELL,0.02,12050.94,13303.62,48199.42,5000.0,1,0.0083,0.0007,0.02,0.0041,
tec-wnba-champion-2026-10-31-w-chi,tec-wnba-champion,BUY,,0.0,0.0,0.0,5000.0,0,0.0,0.0,0.0,0.0,side is empty
tec-wnba-champion-2026-10-31-w-chi,tec-wnba-champion,SELL,0.01,95257.01,95684.01,131930.01,5000.0,1,0.001,0.0001,0.01,0.001,
tec-wnba-champion-2026-10-31-w-conn,tec-wnba-champion,BUY,,0.0,0.0,0.0,5000.0,0,0.0,0.0,0.0,0.0,side is empty
tec-wnba-champion-2026-10-31-w-conn,tec-wnba-champion,SELL,0.01,91074.0,91249.66,127857.66,5000.0,1,0.0011,0.0001,0.01,0.0011,
tec-wnba-champion-2026-10-31-w-la,tec-wnba-champion,BUY,,0.0,0.0,0.0,5000.0,0,0.0,0.0,0.0,0.0,side is empty
tec-wnba-champion-2026-10-31-w-la,tec-wnba-champion,SELL,0.01,41799.03,47354.03,83924.03,5000.0,1,0.0024,0.0002,0.01,0.0024,
tec-wnba-champion-2026-10-31-w-phx,tec-wnba-champion,BUY,,0.0,0.0,0.0,5000.0,0,0.0,0.0,0.0,0.0,side is empty
tec-wnba-champion-2026-10-31-w-phx,tec-wnba-champion,SELL,0.01,90631.0,90631.0,127407.01,5000.0,1,0.0011,0.0001,0.01,0.0011,
tec-wnba-champion-2026-10-31-w-por,tec-wnba-champion,BUY,,0.0,0.0,0.0,5000.0,0,0.0,0.0,0.0,0.0,side is empty
tec-wnba-champion-2026-10-31-w-por,tec-wnba-champion,SELL,0.01,92332.0,92507.66,129118.66,5000.0,1,0.0011,0.0001,0.01,0.0011,
tec-wnba-champion-2026-10-31-w-sea,tec-wnba-champion,BUY,,0.0,0.0,0.0,5000.0,0,0.0,0.0,0.0,0.0,side is empty
tec-wnba-champion-2026-10-31-w-sea,tec-wnba-champion,SELL,0.01,101673.0,101673.0,138364.75,5000.0,1,0.001,0.0001,0.01,0.001,
tec-wnba-champion-2026-10-31-w-tor,tec-wnba-champion,BUY,,0.0,0.0,0.0,5000.0,0,0.0,0.0,0.0,0.0,side is empty
tec-wnba-champion-2026-10-31-w-tor,tec-wnba-champion,SELL,0.01,90791.0,90791.0,127552.31,5000.0,1,0.0011,0.0001,0.01,0.0011,
tec-wnba-mvp-2026-10-15-w-ajawil,tec-wnba-mvp,BUY,0.9,1146.0,6493.47,40515.47,5000.0,1,0.0183,0.0057,0.9,0.0002,
tec-wnba-mvp-2026-10-15-w-ajawil,tec-wnba-mvp,SELL,0.91,167.0,36837.51,70470.51,5000.0,1,0.003,0.0009,0.91,0.0,
tec-wnba-mvp-2026-10-15-w-olimil,tec-wnba-mvp,BUY,0.07,149.95,14516.95,47243.55,5000.0,1,0.0084,0.0026,0.07,0.0012,
tec-wnba-mvp-2026-10-15-w-olimil,tec-wnba-mvp,SELL,0.08,687.71,8224.18,45023.18,5000.0,1,0.0162,0.0051,0.08,0.002,
tec-wnba-mvp-2026-10-15-w-caicla,tec-wnba-mvp,BUY,0.03,26633.66,105087.66,105087.66,5000.0,1,0.0038,0.0012,0.03,0.0013,
tec-wnba-mvp-2026-10-15-w-caicla,tec-wnba-mvp,SELL,0.04,10027.63,27686.97,62146.97,5000.0,1,0.01,0.0031,0.04,0.0025,
tec-wnba-mvp-2026-10-15-w-paibue,tec-wnba-mvp,BUY,0.01,114401.42,114401.42,114401.42,5000.0,1,0.0009,0.0003,0.01,0.0009,
tec-wnba-mvp-2026-10-15-w-paibue,tec-wnba-mvp,SELL,0.02,16030.19,16030.19,51511.19,5000.0,1,0.0062,0.0019,0.02,0.0031,
pntcbk-wnba-white-2027-06-30-roywhi,pntcbk-wnba-white,BUY,0.03,4311.87,47956.87,47956.87,5000.0,1,0.0024,0.003,0.03,0.0008,
pntcbk-wnba-white-2027-06-30-roywhi,pntcbk-wnba-white,SELL,0.04,405.54,14571.06,17446.76,5000.0,1,0.0076,0.0095,0.04,0.0019,
tec-mlb-nlchamp-2026-09-27-lad,tec-mlb-nlchamp,BUY,0.412,5.0,6.0,318015.0,2500.0,1,0.1606,0.0268,0.412,0.0039,
tec-mlb-nlchamp-2026-09-27-lad,tec-mlb-nlchamp,SELL,0.413,13.0,9838.0,302604.0,2500.0,1,0.0113,0.0019,0.413,0.0003,
tec-mlb-nlchamp-2026-09-27-mil,tec-mlb-nlchamp,BUY,0.21,4421.0,4627.0,295056.0,2500.0,1,0.0226,0.0038,0.21,0.0011,
tec-mlb-nlchamp-2026-09-27-mil,tec-mlb-nlchamp,SELL,0.211,13463.0,13463.0,321301.0,2500.0,1,0.0074,0.0012,0.211,0.0004,
tec-mlb-nlchamp-2026-09-27-atl,tec-mlb-nlchamp,BUY,0.144,3555.0,3555.0,321427.0,2500.0,1,0.0281,0.0047,0.144,0.002,
tec-mlb-nlchamp-2026-09-27-atl,tec-mlb-nlchamp,SELL,0.145,1.0,2.0,258038.0,2500.0,1,0.1202,0.02,0.145,0.0083,
tec-mlb-nlchamp-2026-09-27-phi,tec-mlb-nlchamp,BUY,0.101,17253.0,19853.0,318866.0,2500.0,1,0.0058,0.001,0.101,0.0006,
tec-mlb-nlchamp-2026-09-27-phi,tec-mlb-nlchamp,SELL,0.102,1269.0,1269.0,277415.0,2500.0,1,0.053,0.0088,0.102,0.0052,
tec-mlb-nlchamp-2026-09-27-chc,tec-mlb-nlchamp,BUY,0.098,47.0,1245.0,316046.0,2500.0,1,0.0213,0.0036,0.098,0.0022,
tec-mlb-nlchamp-2026-09-27-chc,tec-mlb-nlchamp,SELL,0.099,25.0,4128.0,295958.0,2500.0,1,0.0282,0.0047,0.099,0.0029,
tec-mlb-nlchamp-2026-09-27-sd,tec-mlb-nlchamp,BUY,0.031,47392.0,49992.0,83335.0,2500.0,1,0.0021,0.0004,0.031,0.0007,
tec-mlb-nlchamp-2026-09-27-sd,tec-mlb-nlchamp,SELL,0.032,4.0,298.0,282219.0,2500.0,1,0.0954,0.0159,0.032,0.0298,
tec-mlb-nlchamp-2026-09-27-az,tec-mlb-nlchamp,BUY,0.02,71779.0,71779.0,93894.0,2500.0,1,0.0014,0.0002,0.02,0.0007,
tec-mlb-nlchamp-2026-09-27-az,tec-mlb-nlchamp,SELL,0.021,6.0,6.0,295801.0,2500.0,1,0.1352,0.0225,0.021,0.0644,
tec-mlb-nlchamp-2026-09-27-mia,tec-mlb-nlchamp,BUY,0.009,16789.0,16789.0,22142.0,2500.0,1,0.006,0.001,0.009,0.0066,
tec-mlb-nlchamp-2026-09-27-mia,tec-mlb-nlchamp,SELL,0.011,115.0,306.0,308252.0,2500.0,1,0.0251,0.0042,0.011,0.0228,
tec-mlb-nlchamp-2026-09-27-cin,tec-mlb-nlchamp,BUY,0.005,3756.0,6256.0,8756.0,2500.0,1,0.0266,0.0044,0.005,0.0532,
tec-mlb-nlchamp-2026-09-27-cin,tec-mlb-nlchamp,SELL,0.006,1469.0,3429.0,332954.0,2500.0,1,0.0309,0.0052,0.006,0.0515,
tec-mlb-nlchamp-2026-09-27-wsh,tec-mlb-nlchamp,BUY,0.003,9217.0,14317.0,14317.0,2500.0,1,0.0108,0.0018,0.003,0.0362,
tec-mlb-nlchamp-2026-09-27-wsh,tec-mlb-nlchamp,SELL,0.004,63163.0,66010.0,464755.0,2500.0,1,0.0016,0.0003,0.004,0.004,
tec-mlb-nlchamp-2026-09-27-pit,tec-mlb-nlchamp,BUY,0.002,425463.0,425463.0,425463.0,2500.0,1,0.0002,0.0,0.002,0.0012,
tec-mlb-nlchamp-2026-09-27-pit,tec-mlb-nlchamp,SELL,0.003,105543.0,190621.0,538868.0,2500.0,1,0.0009,0.0002,0.003,0.0032,
tec-mlb-nlchamp-2026-09-27-col,tec-mlb-nlchamp,BUY,0.001,539820.0,539820.0,539820.0,2500.0,1,0.0002,0.0,0.001,0.0019,
tec-mlb-nlchamp-2026-09-27-col,tec-mlb-nlchamp,SELL,0.002,2624.0,4489.0,384602.0,2500.0,1,0.0381,0.0063,0.002,0.1905,
tec-mlb-nlchamp-2026-09-27-nym,tec-mlb-nlchamp,BUY,0.001,27734.0,27734.0,27734.0,2500.0,1,0.0036,0.0006,0.001,0.0361,
tec-mlb-nlchamp-2026-09-27-nym,tec-mlb-nlchamp,SELL,0.002,11663.0,11663.0,373600.0,2500.0,1,0.0086,0.0014,0.002,0.0429,
tec-mlb-nlchamp-2026-09-27-sf,tec-mlb-nlchamp,BUY,0.001,14998.0,14998.0,14998.0,2500.0,1,0.0067,0.0011,0.001,0.0667,
tec-mlb-nlchamp-2026-09-27-sf,tec-mlb-nlchamp,SELL,0.002,185501.0,187958.0,556458.0,2500.0,1,0.0005,0.0001,0.002,0.0027,
tec-mlb-nlchamp-2026-09-27-stl,tec-mlb-nlchamp,BUY,0.001,510876.0,510876.0,510876.0,2500.0,1,0.0002,0.0,0.001,0.002,
tec-mlb-nlchamp-2026-09-27-stl,tec-mlb-nlchamp,SELL,0.002,8673.0,9827.0,326905.0,2500.0,1,0.0115,0.0019,0.002,0.0576,
tec-mlb-champ-2026-09-27-lad,tec-mlb-champ,BUY,0.302,1077.0,1085.0,344245.0,2500.0,1,0.0189,0.0016,0.302,0.0006,
tec-mlb-champ-2026-09-27-lad,tec-mlb-champ,SELL,0.303,5512.0,5512.0,347047.0,2500.0,1,0.0181,0.0015,0.303,0.0006,
tec-mlb-champ-2026-09-27-mil,tec-mlb-champ,BUY,0.136,1.0,1.0,466354.0,2500.0,1,0.0055,0.0005,0.136,0.0004,
tec-mlb-champ-2026-09-27-mil,tec-mlb-champ,SELL,0.139,9005.0,9005.0,313703.0,2500.0,1,0.0111,0.0009,0.139,0.0008,
tec-mlb-champ-2026-09-27-nyy,tec-mlb-champ,BUY,0.115,4.0,1560.0,490993.0,2500.0,1,0.033,0.0027,0.115,0.0029,
tec-mlb-champ-2026-09-27-nyy,tec-mlb-champ,SELL,0.116,1.0,1466.0,273625.0,2500.0,1,0.0741,0.0062,0.116,0.0064,
tec-mlb-champ-2026-09-27-tb,tec-mlb-champ,BUY,0.083,29.0,116.0,514691.0,2500.0,1,0.029,0.0024,0.083,0.0035,
tec-mlb-champ-2026-09-27-tb,tec-mlb-champ,SELL,0.084,4959.0,9948.0,300498.0,2500.0,1,0.0202,0.0017,0.084,0.0024,
tec-mlb-champ-2026-09-27-atl,tec-mlb-champ,BUY,0.073,10916.0,10916.0,531239.0,2500.0,1,0.0092,0.0008,0.073,0.0013,
tec-mlb-champ-2026-09-27-atl,tec-mlb-champ,SELL,0.074,4.0,5.0,271920.0,2500.0,1,0.0273,0.0023,0.074,0.0037,
tec-mlb-champ-2026-09-27-chc,tec-mlb-champ,BUY,0.062,2.0,132.0,445295.0,2500.0,1,0.0326,0.0027,0.062,0.0053,
tec-mlb-champ-2026-09-27-chc,tec-mlb-champ,SELL,0.066,8949.0,8949.0,284023.0,2500.0,1,0.0112,0.0009,0.066,0.0017,
tec-mlb-champ-2026-09-27-phi,tec-mlb-champ,BUY,0.062,145.0,24593.0,359476.0,2500.0,1,0.0045,0.0004,0.062,0.0007,
tec-mlb-champ-2026-09-27-phi,tec-mlb-champ,SELL,0.063,4398.0,6898.0,324052.0,2500.0,1,0.0227,0.0019,0.063,0.0036,
tec-mlb-champ-2026-09-27-bos,tec-mlb-champ,BUY,0.054,31109.0,31109.0,440965.0,2500.0,1,0.0032,0.0003,0.054,0.0006,
tec-mlb-champ-2026-09-27-bos,tec-mlb-champ,SELL,0.055,6720.0,6885.0,338684.0,2500.0,1,0.0149,0.0012,0.055,0.0027,
tec-mlb-champ-2026-09-27-cws,tec-mlb-champ,BUY,0.034,42640.0,45140.0,76920.0,2500.0,1,0.0023,0.0002,0.034,0.0007,
tec-mlb-champ-2026-09-27-cws,tec-mlb-champ,SELL,0.035,22974.0,22974.0,366943.0,2500.0,1,0.0044,0.0004,0.035,0.0012,
tec-mlb-champ-2026-09-27-hou,tec-mlb-champ,BUY,0.032,21.0,1650.0,96944.0,2500.0,1,0.0031,0.0003,0.032,0.001,
tec-mlb-champ-2026-09-27-hou,tec-mlb-champ,SELL,0.034,1875.0,1875.0,321013.0,2500.0,1,0.0209,0.0017,0.034,0.0062,
tec-mlb-champ-2026-09-27-cle,tec-mlb-champ,BUY,0.03,18.0,2373.0,39428.0,2500.0,1,0.0447,0.0037,0.03,0.0149,
tec-mlb-champ-2026-09-27-cle,tec-mlb-champ,SELL,0.031,38.0,6952.0,293628.0,2500.0,1,0.016,0.0013,0.031,0.0052,
tec-mlb-champ-2026-09-27-sd,tec-mlb-champ,BUY,0.017,102773.0,105273.0,124671.0,2500.0,1,0.001,0.0001,0.017,0.0006,
tec-mlb-champ-2026-09-27-sd,tec-mlb-champ,SELL,0.02,22225.0,28954.0,351121.0,2500.0,1,0.0045,0.0004,0.02,0.0022,
tec-mlb-champ-2026-09-27-sea,tec-mlb-champ,BUY,0.015,34.0,56.0,20582.0,2500.0,1,0.02,0.0017,0.015,0.0133,
tec-mlb-champ-2026-09-27-sea,tec-mlb-champ,SELL,0.016,160021.0,160476.0,501731.0,2500.0,1,0.0006,0.0001,0.016,0.0004,
tec-mlb-champ-2026-09-27-tex,tec-mlb-champ,BUY,0.014,255.0,3615.0,11416.0,2500.0,1,0.0328,0.0027,0.014,0.0234,
tec-mlb-champ-2026-09-27-tex,tec-mlb-champ,SELL,0.015,151681.0,151946.0,479918.0,2500.0,1,0.0007,0.0001,0.015,0.0004,
tec-mlb-champ-2026-09-27-tor,tec-mlb-champ,BUY,0.012,43.0,113928.0,130288.0,2500.0,1,0.0012,0.0001,0.012,0.001,
tec-mlb-champ-2026-09-27-tor,tec-mlb-champ,SELL,0.014,12895.0,21601.0,355646.0,2500.0,1,0.0078,0.0006,0.014,0.0055,
tec-mlb-champ-2026-09-27-az,tec-mlb-champ,BUY,0.01,169.0,4281.0,15551.0,2500.0,1,0.0348,0.0029,0.01,0.0348,
tec-mlb-champ-2026-09-27-az,tec-mlb-champ,SELL,0.011,3.0,2442.0,291686.0,2500.0,1,0.0235,0.002,0.011,0.0214,
tec-mlb-champ-2026-09-27-det,tec-mlb-champ,BUY,0.005,3879.0,8980.0,11891.0,2500.0,1,0.0258,0.0021,0.005,0.0515,
tec-mlb-champ-2026-09-27-det,tec-mlb-champ,SELL,0.006,10894.0,15716.0,332260.0,2500.0,1,0.0092,0.0008,0.006,0.0153,
tec-mlb-champ-2026-09-27-mia,tec-mlb-champ,BUY,0.001,4126.0,4126.0,4126.0,2500.0,1,0.0242,0.002,0.001,0.2423,
tec-mlb-champ-2026-09-27-mia,tec-mlb-champ,SELL,0.005,8315.0,9143.0,334695.0,2500.0,1,0.012,0.001,0.005,0.0241,
tec-mlb-champ-2026-09-27-min,tec-mlb-champ,BUY,0.004,3946.0,11546.0,11546.0,2500.0,1,0.0253,0.0021,0.004,0.0633,
tec-mlb-champ-2026-09-27-min,tec-mlb-champ,SELL,0.005,11077.0,11080.0,356953.0,2500.0,1,0.009,0.0008,0.005,0.0181,
tec-mlb-champ-2026-09-27-ath,tec-mlb-champ,BUY,0.001,185207.0,185207.0,185207.0,2500.0,1,0.0005,0.0,0.001,0.0054,
tec-mlb-champ-2026-09-27-ath,tec-mlb-champ,SELL,0.002,109991.0,114642.0,550679.0,2500.0,1,0.0009,0.0001,0.002,0.0045,
tec-mlb-champ-2026-09-27-bal,tec-mlb-champ,BUY,0.001,404249.0,404249.0,404249.0,2500.0,1,0.0002,0.0,0.001,0.0025,
tec-mlb-champ-2026-09-27-bal,tec-mlb-champ,SELL,0.002,3393.0,5969.0,361703.0,2500.0,1,0.0295,0.0025,0.002,0.1473,
tec-mlb-champ-2026-09-27-cin,tec-mlb-champ,BUY,0.001,400109.0,400109.0,400109.0,2500.0,1,0.0002,0.0,0.001,0.0025,
tec-mlb-champ-2026-09-27-cin,tec-mlb-champ,SELL,0.002,3439.0,6904.0,354763.0,2500.0,1,0.0291,0.0024,0.002,0.1453,
tec-mlb-champ-2026-09-27-col,tec-mlb-champ,BUY,0.001,25.0,25.0,25.0,2500.0,0,0.0,0.0,0.001,0.0,side under Target Size — pays nobody
tec-mlb-champ-2026-09-27-col,tec-mlb-champ,SELL,0.002,64682.0,64682.0,464678.0,2500.0,1,0.0015,0.0001,0.002,0.0077,
tec-mlb-champ-2026-09-27-kc,tec-mlb-champ,BUY,0.001,2060834.0,2060834.0,2060834.0,2500.0,1,0.0,0.0,0.001,0.0005,
tec-mlb-champ-2026-09-27-kc,tec-mlb-champ,SELL,0.002,344282.0,344282.0,710778.0,2500.0,1,0.0003,0.0,0.002,0.0015,
tec-mlb-champ-2026-09-27-nym,tec-mlb-champ,BUY,0.001,1261688.0,1261688.0,1261688.0,2500.0,1,0.0001,0.0,0.001,0.0008,
tec-mlb-champ-2026-09-27-nym,tec-mlb-champ,SELL,0.002,9221.0,14254.0,514087.0,2500.0,1,0.0108,0.0009,0.002,0.0542,
tec-mlb-champ-2026-09-27-pit,tec-mlb-champ,BUY,0.001,4637.0,4637.0,4637.0,2500.0,1,0.0216,0.0018,0.001,0.2156,
tec-mlb-champ-2026-09-27-pit,tec-mlb-champ,SELL,0.002,4859.0,5820.0,559054.0,2500.0,1,0.0206,0.0017,0.002,0.1029,
tec-mlb-champ-2026-09-27-stl,tec-mlb-champ,BUY,0.001,502847.0,502847.0,502847.0,2500.0,1,0.0002,0.0,0.001,0.002,
tec-mlb-champ-2026-09-27-stl,tec-mlb-champ,SELL,0.002,12930.0,12930.0,357744.0,2500.0,1,0.0077,0.0006,0.002,0.0387,
tec-mlb-champ-2026-09-27-laa,tec-mlb-champ,BUY,,0.0,0.0,0.0,2500.0,0,0.0,0.0,0.0,0.0,side is empty
tec-mlb-champ-2026-09-27-laa,tec-mlb-champ,SELL,0.001,91452.0,95002.0,738696.0,2500.0,1,0.0011,0.0001,0.001,0.0109,
tec-mlb-champ-2026-09-27-sf,tec-mlb-champ,BUY,,0.0,0.0,0.0,2500.0,0,0.0,0.0,0.0,0.0,side is empty
tec-mlb-champ-2026-09-27-sf,tec-mlb-champ,SELL,0.001,122721.0,127098.0,533665.0,2500.0,1,0.0008,0.0001,0.001,0.0081,
tec-mlb-champ-2026-09-27-wsh,tec-mlb-champ,BUY,,0.0,0.0,0.0,2500.0,0,0.0,0.0,0.0,0.0,side is empty
tec-mlb-champ-2026-09-27-wsh,tec-mlb-champ,SELL,0.001,172874.0,176624.0,606744.0,2500.0,1,0.0006,0.0,0.001,0.0058,
tec-mlb-alchamp-2026-09-27-nyy,tec-mlb-alchamp,BUY,0.247,115.0,115.0,317448.0,2500.0,1,0.0961,0.016,0.247,0.0039,
tec-mlb-alchamp-2026-09-27-nyy,tec-mlb-alchamp,SELL,0.248,1748.0,1748.0,282955.0,2500.0,1,0.0391,0.0065,0.248,0.0016,
tec-mlb-alchamp-2026-09-27-tb,tec-mlb-alchamp,BUY,0.221,1.0,6.0,374311.0,2500.0,1,0.0657,0.0109,0.221,0.003,
tec-mlb-alchamp-2026-09-27-tb,tec-mlb-alchamp,SELL,0.222,9.0,12.0,302509.0,2500.0,1,0.1066,0.0178,0.222,0.0048,
tec-mlb-alchamp-2026-09-27-bos,tec-mlb-alchamp,BUY,0.135,78.0,106.0,338410.0,2500.0,1,0.0294,0.0049,0.135,0.0022,
tec-mlb-alchamp-2026-09-27-bos,tec-mlb-alchamp,SELL,0.136,19097.0,19097.0,355158.0,2500.0,1,0.0052,0.0009,0.136,0.0004,
tec-mlb-alchamp-2026-09-27-cws,tec-mlb-alchamp,BUY,0.127,4.0,4.0,310688.0,2500.0,1,0.3339,0.0556,0.127,0.0263,
tec-mlb-alchamp-2026-09-27-cws,tec-mlb-alchamp,SELL,0.13,13309.0,13309.0,329438.0,2500.0,1,0.0075,0.0013,0.13,0.0006,
tec-mlb-alchamp-2026-09-27-hou,tec-mlb-alchamp,BUY,0.096,84.0,288.0,309495.0,2500.0,1,0.0435,0.0072,0.096,0.0045,
tec-mlb-alchamp-2026-09-27-hou,tec-mlb-alchamp,SELL,0.097,6728.0,6728.0,281199.0,2500.0,1,0.0149,0.0025,0.097,0.0015,
tec-mlb-alchamp-2026-09-27-tex,tec-mlb-alchamp,BUY,0.063,23.0,25.0,346603.0,2500.0,1,0.021,0.0035,0.063,0.0033,
tec-mlb-alchamp-2026-09-27-tex,tec-mlb-alchamp,SELL,0.064,15.0,16.0,256224.0,2500.0,1,0.7714,0.1286,0.064,0.1205,
tec-mlb-alchamp-2026-09-27-cle,tec-mlb-alchamp,BUY,0.052,16509.0,19135.0,429309.0,2500.0,1,0.0061,0.001,0.052,0.0012,
tec-mlb-alchamp-2026-09-27-cle,tec-mlb-alchamp,SELL,0.053,5.0,5.0,272351.0,2500.0,1,0.5673,0.0945,0.053,0.107,
tec-mlb-alchamp-2026-09-27-sea,tec-mlb-alchamp,BUY,0.033,43862.0,43862.0,77457.0,2500.0,1,0.0023,0.0004,0.033,0.0007,
tec-mlb-alchamp-2026-09-27-sea,tec-mlb-alchamp,SELL,0.034,3.0,3.0,285663.0,2500.0,1,0.1621,0.027,0.034,0.0477,
tec-mlb-alchamp-2026-09-27-tor,tec-mlb-alchamp,BUY,0.027,18823.0,19223.0,41256.0,2500.0,1,0.0053,0.0009,0.027,0.002,
tec-mlb-alchamp-2026-09-27-tor,tec-mlb-alchamp,SELL,0.028,8118.0,10017.0,289844.0,2500.0,1,0.0123,0.0021,0.028,0.0044,
tec-mlb-alchamp-2026-09-27-min,tec-mlb-alchamp,BUY,0.011,77.0,7078.0,12492.0,2500.0,1,0.0157,0.0026,0.011,0.0143,
tec-mlb-alchamp-2026-09-27-min,tec-mlb-alchamp,SELL,0.013,12033.0,12033.0,324609.0,2500.0,1,0.0083,0.0014,0.013,0.0064,
tec-mlb-alchamp-2026-09-27-bal,tec-mlb-alchamp,BUY,0.01,193288.0,193288.0,211021.0,2500.0,1,0.0005,0.0001,0.01,0.0005,
tec-mlb-alchamp-2026-09-27-bal,tec-mlb-alchamp,SELL,0.011,17473.0,37978.0,348414.0,2500.0,1,0.0057,0.001,0.011,0.0052,
tec-mlb-alchamp-2026-09-27-det,tec-mlb-alchamp,BUY,0.01,106307.0,108066.0,124810.0,2500.0,1,0.0009,0.0002,0.01,0.0009,
tec-mlb-alchamp-2026-09-27-det,tec-mlb-alchamp,SELL,0.011,8651.0,8906.0,355731.0,2500.0,1,0.0116,0.0019,0.011,0.0105,
tec-mlb-alchamp-2026-09-27-kc,tec-mlb-alchamp,BUY,0.005,6687.0,6687.0,11787.0,2500.0,1,0.015,0.0025,0.005,0.0299,
tec-mlb-alchamp-2026-09-27-kc,tec-mlb-alchamp,SELL,0.007,62422.0,109366.0,432194.0,2500.0,1,0.0016,0.0003,0.007,0.0023,
tec-mlb-alchamp-2026-09-27-laa,tec-mlb-alchamp,BUY,0.006,3753.0,3753.0,6253.0,2500.0,1,0.0266,0.0044,0.006,0.0444,
tec-mlb-alchamp-2026-09-27-laa,tec-mlb-alchamp,SELL,0.007,92894.0,144537.0,455168.0,2500.0,1,0.0011,0.0002,0.007,0.0015,
tec-mlb-alchamp-2026-09-27-ath,tec-mlb-alchamp,BUY,,0.0,0.0,0.0,2500.0,0,0.0,0.0,0.0,0.0,side is empty
tec-mlb-alchamp-2026-09-27-ath,tec-mlb-alchamp,SELL,0.002,2760.0,5893.0,436667.0,2500.0,1,0.0362,0.006,0.002,0.1811,
tec-mlb-nl-2026-11-27-mvp-petarm,tec-mlb-nl,BUY,0.88,2.0,1444.0,416598.0,2500.0,1,0.0496,0.003,0.88,0.0006,
tec-mlb-nl-2026-11-27-mvp-petarm,tec-mlb-nl,SELL,0.881,11.0,3821.0,389334.0,2500.0,1,0.0321,0.002,0.881,0.0004,
tec-mlb-nl-2026-11-27-mvp-shooht,tec-mlb-nl,BUY,0.11,5.0,8.0,375279.0,2500.0,1,0.0368,0.0022,0.11,0.0033,
tec-mlb-nl-2026-11-27-mvp-shooht,tec-mlb-nl,SELL,0.12,1622.0,3207.0,285134.0,2500.0,1,0.0328,0.002,0.12,0.0027,
tec-mlb-nl-2026-11-27-mvp-matols,tec-mlb-nl,BUY,0.005,11599.0,11599.0,14099.0,2500.0,1,0.0086,0.0005,0.005,0.0172,
tec-mlb-nl-2026-11-27-mvp-matols,tec-mlb-nl,SELL,0.008,53.0,23832.0,286297.0,2500.0,1,0.0047,0.0003,0.008,0.0059,
tec-mlb-nl-2026-11-27-mvp-bralow,tec-mlb-nl,BUY,0.006,261.0,261.0,51555.0,2500.0,1,0.0033,0.0002,0.006,0.0055,
tec-mlb-nl-2026-11-27-mvp-bralow,tec-mlb-nl,SELL,0.007,1615.0,1738.0,11623.0,2500.0,1,0.0339,0.0021,0.007,0.0484,
tec-mlb-nl-2026-11-27-mvp-bryhar,tec-mlb-nl,BUY,0.006,279.0,3461.0,5961.0,2500.0,1,0.0318,0.0019,0.006,0.053,
tec-mlb-nl-2026-11-27-mvp-bryhar,tec-mlb-nl,SELL,0.007,32146.0,33766.0,306630.0,2500.0,1,0.0031,0.0002,0.007,0.0044,
tec-mlb-nl-2026-11-27-mvp-fertat,tec-mlb-nl,BUY,0.005,7684.0,7684.0,10184.0,2500.0,1,0.013,0.0008,0.005,0.026,
tec-mlb-nl-2026-11-27-mvp-fertat,tec-mlb-nl,SELL,0.007,3.0,1134.0,295576.0,2500.0,1,0.0163,0.001,0.007,0.0233,
tec-mlb-nl-2026-11-27-mvp-andpag,tec-mlb-nl,BUY,0.005,104.0,104.0,51971.0,2500.0,1,0.0029,0.0002,0.005,0.0059,
tec-mlb-nl-2026-11-27-mvp-andpag,tec-mlb-nl,SELL,0.006,1782.0,2135.0,11500.0,2500.0,1,0.0278,0.0017,0.006,0.0464,
tec-mlb-nl-2026-11-27-mvp-frefre,tec-mlb-nl,BUY,0.005,2380.0,5276.0,7544.0,2500.0,1,0.0201,0.0012,0.005,0.0401,
tec-mlb-nl-2026-11-27-mvp-frefre,tec-mlb-nl,SELL,0.006,51590.0,51890.0,354216.0,2500.0,1,0.0019,0.0001,0.006,0.0032,
tec-mlb-nl-2026-11-27-mvp-kylsch,tec-mlb-nl,BUY,0.005,7663.0,7663.0,10163.0,2500.0,1,0.013,0.0008,0.005,0.0261,
tec-mlb-nl-2026-11-27-mvp-kylsch,tec-mlb-nl,SELL,0.006,54375.0,54520.0,328216.0,2500.0,1,0.0018,0.0001,0.006,0.0031,
tec-mlb-nl-2026-11-27-mvp-manmac,tec-mlb-nl,BUY,0.005,4206.0,6623.0,9123.0,2500.0,1,0.0238,0.0014,0.005,0.0475,
tec-mlb-nl-2026-11-27-mvp-manmac,tec-mlb-nl,SELL,0.006,3.0,936.0,280175.0,2500.0,1,0.0424,0.0026,0.006,0.0706,
tec-mlb-nl-2026-11-27-mvp-onecru,tec-mlb-nl,BUY,0.005,4101.0,9124.0,10249.0,2500.0,1,0.0244,0.0015,0.005,0.0488,
tec-mlb-nl-2026-11-27-mvp-onecru,tec-mlb-nl,SELL,0.006,18942.0,18942.0,296882.0,2500.0,1,0.0053,0.0003,0.006,0.0088,
tec-mlb-nl-2026-11-27-mvp-seisuz,tec-mlb-nl,BUY,0.005,3756.0,3756.0,5914.0,2500.0,1,0.0266,0.0016,0.005,0.0532,
tec-mlb-nl-2026-11-27-mvp-seisuz,tec-mlb-nl,SELL,0.006,897.0,1155.0,9361.0,2500.0,1,0.0467,0.0028,0.006,0.0779,
tec-mlb-nl-2026-11-27-mvp-britur,tec-mlb-nl,BUY,0.004,6888.0,7386.0,7386.0,2500.0,1,0.0145,0.0009,0.004,0.0363,
tec-mlb-nl-2026-11-27-mvp-britur,tec-mlb-nl,SELL,0.005,67042.0,67292.0,366744.0,2500.0,1,0.0015,0.0001,0.005,0.003,
tec-mlb-nl-2026-11-27-mvp-corcar,tec-mlb-nl,BUY,0.004,11856.0,13319.0,13319.0,2500.0,1,0.0084,0.0005,0.004,0.0211,
tec-mlb-nl-2026-11-27-mvp-corcar,tec-mlb-nl,SELL,0.005,31070.0,31070.0,321323.0,2500.0,1,0.0032,0.0002,0.005,0.0064,
tec-mlb-nl-2026-11-27-mvp-drabal,tec-mlb-nl,BUY,0.004,3234.0,3732.0,3732.0,2500.0,1,0.0309,0.0019,0.004,0.0773,
tec-mlb-nl-2026-11-27-mvp-drabal,tec-mlb-nl,SELL,0.005,4905.0,5155.0,310508.0,2500.0,1,0.0204,0.0012,0.005,0.0408,
tec-mlb-nl-2026-11-27-mvp-ellcru,tec-mlb-nl,BUY,0.004,2696.0,7822.0,7822.0,2500.0,1,0.0371,0.0023,0.004,0.0927,
tec-mlb-nl-2026-11-27-mvp-ellcru,tec-mlb-nl,SELL,0.005,11745.0,12045.0,312856.0,2500.0,1,0.0085,0.0005,0.005,0.017,
tec-mlb-nl-2026-11-27-mvp-kyltuc,tec-mlb-nl,BUY,0.004,3287.0,8049.0,8049.0,2500.0,1,0.0304,0.0019,0.004,0.076,
tec-mlb-nl-2026-11-27-mvp-kyltuc,tec-mlb-nl,SELL,0.005,14606.0,15156.0,293079.0,2500.0,1,0.0068,0.0004,0.005,0.0137,
tec-mlb-nl-2026-11-27-mvp-matcha,tec-mlb-nl,BUY,0.004,3583.0,4283.0,4283.0,2500.0,1,0.0279,0.0017,0.004,0.0698,
tec-mlb-nl-2026-11-27-mvp-matcha,tec-mlb-nl,SELL,0.005,190659.0,192009.0,468125.0,2500.0,1,0.0005,0.0,0.005,0.001,
tec-mlb-nl-2026-11-27-mvp-wilada,tec-mlb-nl,BUY,0.004,2357.0,404625.0,404625.0,2500.0,1,0.0003,0.0,0.004,0.0008,
tec-mlb-nl-2026-11-27-mvp-wilada,tec-mlb-nl,SELL,0.005,69637.0,70187.0,368919.0,2500.0,1,0.0014,0.0001,0.005,0.0029,
tec-mlb-nl-2026-11-27-mvp-wilsmi,tec-mlb-nl,BUY,0.004,3018.0,5179.0,5179.0,2500.0,1,0.0331,0.002,0.004,0.0828,
tec-mlb-nl-2026-11-27-mvp-wilsmi,tec-mlb-nl,SELL,0.005,1676.0,2264.0,283346.0,2500.0,1,0.0234,0.0014,0.005,0.0468,
tec-mlb-nl-2026-11-27-mvp-jorwal,tec-mlb-nl,BUY,0.003,4499.0,5197.0,5197.0,2500.0,1,0.0222,0.0014,0.003,0.0741,
tec-mlb-nl-2026-11-27-mvp-jorwal,tec-mlb-nl,SELL,0.004,2603.0,34363.0,342390.0,2500.0,1,0.0384,0.0023,0.004,0.096,
tec-mlb-nl-2026-11-27-mvp-micbus,tec-mlb-nl,BUY,0.003,6393.0,6456.0,6456.0,2500.0,1,0.0156,0.001,0.003,0.0521,
tec-mlb-nl-2026-11-27-mvp-micbus,tec-mlb-nl,SELL,0.004,6364.0,6614.0,284936.0,2500.0,1,0.0157,0.001,0.004,0.0393,
tec-mlb-nl-2026-11-27-mvp-rafdev,tec-mlb-nl,BUY,0.003,3654.0,4729.0,4729.0,2500.0,1,0.0274,0.0017,0.003,0.0912,
tec-mlb-nl-2026-11-27-mvp-rafdev,tec-mlb-nl,SELL,0.004,2785.0,3335.0,282938.0,2500.0,1,0.0359,0.0022,0.004,0.0897,
tec-mlb-nl-2026-11-27-mvp-fralin,tec-mlb-nl,BUY,0.002,4809.0,16871.0,16871.0,2500.0,1,0.0208,0.0013,0.002,0.104,
tec-mlb-nl-2026-11-27-mvp-fralin,tec-mlb-nl,SELL,0.003,8805.0,9303.0,287595.0,2500.0,1,0.0114,0.0007,0.003,0.0379,
tec-mlb-nl-2026-11-27-mvp-ausril,tec-mlb-nl,BUY,0.001,190483.0,190483.0,190483.0,2500.0,1,0.0005,0.0,0.001,0.0052,
tec-mlb-nl-2026-11-27-mvp-ausril,tec-mlb-nl,SELL,0.002,9200.0,11881.0,18415.0,2500.0,1,0.0109,0.0007,0.002,0.0543,
tec-mlb-nl-2026-11-27-mvp-cjabr,tec-mlb-nl,BUY,0.001,145091.0,145091.0,145091.0,2500.0,1,0.0007,0.0,0.001,0.0069,
tec-mlb-nl-2026-11-27-mvp-cjabr,tec-mlb-nl,SELL,0.002,2726.0,4745.0,13142.0,2500.0,1,0.0367,0.0022,0.002,0.1834,
tec-mlb-nl-2026-11-27-mvp-jaccho,tec-mlb-nl,BUY,0.001,508107.0,508107.0,508107.0,2500.0,1,0.0002,0.0,0.001,0.002,
tec-mlb-nl-2026-11-27-mvp-jaccho,tec-mlb-nl,SELL,0.002,37295.0,51943.0,352711.0,2500.0,1,0.0027,0.0002,0.002,0.0134,
tec-mlb-nl-2026-11-27-mvp-jacmer,tec-mlb-nl,BUY,0.001,508125.0,508125.0,508125.0,2500.0,1,0.0002,0.0,0.001,0.002,
tec-mlb-nl-2026-11-27-mvp-jacmer,tec-mlb-nl,SELL,0.002,34640.0,34754.0,334693.0,2500.0,1,0.0029,0.0002,0.002,0.0144,
tec-mlb-nl-2026-11-27-mvp-juasot,tec-mlb-nl,BUY,0.001,509969.0,509969.0,509969.0,2500.0,1,0.0002,0.0,0.001,0.002,
tec-mlb-nl-2026-11-27-mvp-juasot,tec-mlb-nl,SELL,0.002,95671.0,95736.0,400462.0,2500.0,1,0.001,0.0001,0.002,0.0052,
tec-mlb-nl-2026-11-27-mvp-ketmar,tec-mlb-nl,BUY,0.001,508270.0,508270.0,508270.0,2500.0,1,0.0002,0.0,0.001,0.002,
tec-mlb-nl-2026-11-27-mvp-ketmar,tec-mlb-nl,SELL,0.002,4863.0,5401.0,305149.0,2500.0,1,0.0206,0.0013,0.002,0.1028,
tec-mlb-nl-2026-11-27-mvp-michar,tec-mlb-nl,BUY,0.001,508136.0,508136.0,508136.0,2500.0,1,0.0002,0.0,0.001,0.002,
tec-mlb-nl-2026-11-27-mvp-michar,tec-mlb-nl,SELL,0.002,20191.0,20629.0,321120.0,2500.0,1,0.005,0.0003,0.002,0.0248,
tec-mlb-nl-2026-11-27-mvp-moobet,tec-mlb-nl,BUY,0.001,506787.0,506787.0,506787.0,2500.0,1,0.0002,0.0,0.001,0.002,
tec-mlb-nl-2026-11-27-mvp-moobet,tec-mlb-nl,SELL,0.002,12128.0,12367.0,312702.0,2500.0,1,0.0082,0.0005,0.002,0.0412,
tec-mlb-nl-2026-11-27-mvp-nichoe,tec-mlb-nl,BUY,0.001,508113.0,508113.0,508113.0,2500.0,1,0.0002,0.0,0.001,0.002,
tec-mlb-nl-2026-11-27-mvp-nichoe,tec-mlb-nl,SELL,0.002,1655.0,1911.0,303609.0,2500.0,1,0.0317,0.0019,0.002,0.1587,
tec-mlb-nl-2026-11-27-mvp-pauske,tec-mlb-nl,BUY,0.001,506417.0,506417.0,506417.0,2500.0,1,0.0002,0.0,0.001,0.002,
tec-mlb-nl-2026-11-27-mvp-pauske,tec-mlb-nl,SELL,0.002,13960.0,14709.0,298789.0,2500.0,1,0.0072,0.0004,0.002,0.0358,
tec-mlb-nl-2026-11-27-mvp-ronacu,tec-mlb-nl,BUY,0.001,510321.0,510321.0,510321.0,2500.0,1,0.0002,0.0,0.001,0.002,
tec-mlb-nl-2026-11-27-mvp-ronacu,tec-mlb-nl,SELL,0.002,23723.0,24082.0,329056.0,2500.0,1,0.0042,0.0003,0.002,0.0211,
tec-mlb-nl-2026-11-27-mvp-salste,tec-mlb-nl,BUY,0.001,128934.0,128934.0,128934.0,2500.0,1,0.0008,0.0,0.001,0.0078,
tec-mlb-nl-2026-11-27-mvp-salste,tec-mlb-nl,SELL,0.002,2172.0,3381.0,10082.0,2500.0,1,0.0317,0.0019,0.002,0.1586,
tec-mlb-nl-2026-11-27-mvp-tretur,tec-mlb-nl,BUY,0.001,508097.0,508097.0,508097.0,2500.0,1,0.0002,0.0,0.001,0.002,
tec-mlb-nl-2026-11-27-mvp-tretur,tec-mlb-nl,SELL,0.002,1717.0,2076.0,281421.0,2500.0,1,0.0389,0.0024,0.002,0.1945,
tec-mlb-nl-2026-11-27-mvp-wilcon,tec-mlb-nl,BUY,0.001,100147.0,100147.0,100147.0,2500.0,1,0.001,0.0001,0.001,0.01,
tec-mlb-nl-2026-11-27-mvp-wilcon,tec-mlb-nl,SELL,0.002,1940.0,3109.0,8961.0,2500.0,1,0.0357,0.0022,0.002,0.1786,
tec-mlb-nl-2026-11-27-mvp-alebre,tec-mlb-nl,BUY,,0.0,0.0,0.0,2500.0,0,0.0,0.0,0.0,0.0,side is empty
tec-mlb-nl-2026-11-27-mvp-alebre,tec-mlb-nl,SELL,0.001,4135.0,4135.0,395683.0,2500.0,1,0.0242,0.0015,0.001,0.2418,
tec-mlb-nl-2026-11-27-mvp-jamwoo,tec-mlb-nl,BUY,,0.0,0.0,0.0,2500.0,0,0.0,0.0,0.0,0.0,side is empty
tec-mlb-nl-2026-11-27-mvp-jamwoo,tec-mlb-nl,SELL,0.001,2504.0,3383.0,332015.0,2500.0,1,0.0399,0.0024,0.001,0.3992,
tec-mlb-nl-2026-11-27-mvp-yosyam,tec-mlb-nl,BUY,,0.0,0.0,0.0,2500.0,0,0.0,0.0,0.0,0.0,side is empty
tec-mlb-nl-2026-11-27-mvp-yosyam,tec-mlb-nl,SELL,0.001,17978.0,37078.0,343658.0,2500.0,1,0.0056,0.0003,0.001,0.0556,
tec-mlb-nl-2026-11-27-cy-jacmis,tec-mlb-nl,BUY,0.871,18.0,334.0,394106.0,2500.0,1,0.3962,0.023,0.871,0.0045,
tec-mlb-nl-2026-11-27-cy-jacmis,tec-mlb-nl,SELL,0.872,6.0,103.0,386112.0,2500.0,1,0.0584,0.0034,0.872,0.0007,
tec-mlb-nl-2026-11-27-cy-chrsal,tec-mlb-nl,BUY,0.089,14341.0,14541.0,293283.0,2500.0,1,0.007,0.0004,0.089,0.0008,
tec-mlb-nl-2026-11-27-cy-chrsal,tec-mlb-nl,SELL,0.09,3688.0,3688.0,294197.0,2500.0,1,0.0271,0.0016,0.09,0.003,
tec-mlb-nl-2026-11-27-cy-crisan,tec-mlb-nl,BUY,0.055,5.0,5.0,477035.0,2500.0,1,0.3095,0.018,0.055,0.0563,
tec-mlb-nl-2026-11-27-cy-crisan,tec-mlb-nl,SELL,0.057,276.0,5259.0,286586.0,2500.0,1,0.0256,0.0015,0.057,0.0045,
tec-mlb-nl-2026-11-27-cy-brapfa,tec-mlb-nl,BUY,0.011,4046.0,4046.0,6463.0,2500.0,1,0.0247,0.0014,0.011,0.0225,
tec-mlb-nl-2026-11-27-cy-brapfa,tec-mlb-nl,SELL,0.012,29978.0,29978.0,36266.0,2500.0,1,0.0033,0.0002,0.012,0.0028,
tec-mlb-nl-2026-11-27-cy-chapat,tec-mlb-nl,BUY,0.01,72.0,72.0,53497.0,2500.0,1,0.0048,0.0003,0.01,0.0048,
tec-mlb-nl-2026-11-27-cy-chapat,tec-mlb-nl,SELL,0.011,1973.0,2174.0,23000.0,2500.0,1,0.0364,0.0021,0.011,0.0331,
tec-mlb-nl-2026-11-27-cy-jusste,tec-mlb-nl,BUY,0.01,72.0,72.0,4697.0,2500.0,1,0.0633,0.0037,0.01,0.0633,
tec-mlb-nl-2026-11-27-cy-jusste,tec-mlb-nl,SELL,0.011,752.0,955.0,24392.0,2500.0,1,0.0567,0.0033,0.011,0.0516,
tec-mlb-nl-2026-11-27-cy-loghen,tec-mlb-nl,BUY,0.01,72.0,72.0,5138.0,2500.0,1,0.0575,0.0033,0.01,0.0575,
tec-mlb-nl-2026-11-27-cy-loghen,tec-mlb-nl,SELL,0.011,38.0,41.0,10493.0,2500.0,1,0.9945,0.0578,0.011,0.9041,
tec-mlb-nl-2026-11-27-cy-micsor,tec-mlb-nl,BUY,0.01,72.0,72.0,52497.0,2500.0,1,0.0049,0.0003,0.01,0.0049,
tec-mlb-nl-2026-11-27-cy-micsor,tec-mlb-nl,SELL,0.011,902.0,902.0,17105.0,2500.0,1,0.065,0.0038,0.011,0.0591,
tec-mlb-nl-2026-11-27-cy-kylfre,tec-mlb-nl,BUY,0.009,102.0,2714.0,3989.0,2500.0,1,0.0408,0.0024,0.009,0.0453,
tec-mlb-nl-2026-11-27-cy-kylfre,tec-mlb-nl,SELL,0.01,11134.0,11134.0,16635.0,2500.0,1,0.009,0.0005,0.01,0.009,
tec-mlb-nl-2026-11-27-cy-blasne,tec-mlb-nl,BUY,0.006,20188.0,22010.0,29212.0,2500.0,1,0.005,0.0003,0.006,0.0083,
tec-mlb-nl-2026-11-27-cy-blasne,tec-mlb-nl,SELL,0.007,57274.0,57276.0,356522.0,2500.0,1,0.0017,0.0001,0.007,0.0025,
tec-mlb-nl-2026-11-27-cy-davpet,tec-mlb-nl,BUY,0.006,4603.0,6425.0,9029.0,2500.0,1,0.0217,0.0013,0.006,0.0362,
tec-mlb-nl-2026-11-27-cy-davpet,tec-mlb-nl,SELL,0.007,133663.0,134213.0,433757.0,2500.0,1,0.0007,0.0,0.007,0.0011,
tec-mlb-nl-2026-11-27-cy-jesluz,tec-mlb-nl,BUY,0.002,17116.0,19948.0,19948.0,2500.0,1,0.0058,0.0003,0.002,0.0292,
tec-mlb-nl-2026-11-27-cy-jesluz,tec-mlb-nl,SELL,0.007,14371.0,14671.0,274877.0,2500.0,1,0.007,0.0004,0.007,0.0099,
tec-mlb-nl-2026-11-27-cy-quipri,tec-mlb-nl,BUY,0.006,220.0,7092.0,9617.0,2500.0,1,0.0212,0.0012,0.006,0.0353,
tec-mlb-nl-2026-11-27-cy-quipri,tec-mlb-nl,SELL,0.007,225.0,52685.0,352247.0,2500.0,1,0.0021,0.0001,0.007,0.003,
tec-mlb-nl-2026-11-27-cy-shoima,tec-mlb-nl,BUY,0.006,3225.0,3225.0,5825.0,2500.0,1,0.031,0.0018,0.006,0.0517,
tec-mlb-nl-2026-11-27-cy-shoima,tec-mlb-nl,SELL,0.007,60025.0,83274.0,376895.0,2500.0,1,0.0017,0.0001,0.007,0.0024,
tec-mlb-nl-2026-11-27-cy-tylmah,tec-mlb-nl,BUY,0.005,3906.0,6406.0,8981.0,2500.0,1,0.0256,0.0015,0.005,0.0512,
tec-mlb-nl-2026-11-27-cy-tylmah,tec-mlb-nl,SELL,0.007,172.0,74691.0,80497.0,2500.0,1,0.0016,0.0001,0.007,0.0023,
tec-mlb-nl-2026-11-27-cy-andabb,tec-mlb-nl,BUY,0.005,3147.0,4969.0,9969.0,2500.0,1,0.0318,0.0018,0.005,0.0635,
tec-mlb-nl-2026-11-27-cy-andabb,tec-mlb-nl,SELL,0.006,135212.0,135710.0,435354.0,2500.0,1,0.0007,0.0,0.006,0.0012,
tec-mlb-nl-2026-11-27-cy-brasin,tec-mlb-nl,BUY,0.005,4056.0,5878.0,8494.0,2500.0,1,0.0246,0.0014,0.005,0.0493,
tec-mlb-nl-2026-11-27-cy-brasin,tec-mlb-nl,SELL,0.006,174673.0,175223.0,474730.0,2500.0,1,0.0006,0.0,0.006,0.001,
tec-mlb-nl-2026-11-27-cy-brawoo,tec-mlb-nl,BUY,0.005,4056.0,5978.0,8656.0,2500.0,1,0.0246,0.0014,0.005,0.0493,
tec-mlb-nl-2026-11-27-cy-brawoo,tec-mlb-nl,SELL,0.006,37664.0,60362.0,359724.0,2500.0,1,0.0027,0.0002,0.006,0.0044,
tec-mlb-nl-2026-11-27-cy-edwcab,tec-mlb-nl,BUY,0.005,4056.0,5878.0,8542.0,2500.0,1,0.0246,0.0014,0.005,0.0493,
tec-mlb-nl-2026-11-27-cy-edwcab,tec-mlb-nl,SELL,0.006,88269.0,88269.0,387675.0,2500.0,1,0.0011,0.0001,0.006,0.0019,
tec-mlb-nl-2026-11-27-cy-eurper,tec-mlb-nl,BUY,0.005,4056.0,5978.0,8565.0,2500.0,1,0.0246,0.0014,0.005,0.0493,
tec-mlb-nl-2026-11-27-cy-eurper,tec-mlb-nl,SELL,0.006,108671.0,109221.0,408615.0,2500.0,1,0.0009,0.0001,0.006,0.0015,
tec-mlb-nl-2026-11-27-cy-freper,tec-mlb-nl,BUY,0.005,3756.0,3756.0,6281.0,2500.0,1,0.0266,0.0015,0.005,0.0532,
tec-mlb-nl-2026-11-27-cy-freper,tec-mlb-nl,SELL,0.006,82509.0,82509.0,397576.0,2500.0,1,0.0012,0.0001,0.006,0.002,
tec-mlb-nl-2026-11-27-cy-jarjon,tec-mlb-nl,BUY,0.005,3906.0,5728.0,8396.0,2500.0,1,0.0256,0.0015,0.005,0.0512,
tec-mlb-nl-2026-11-27-cy-jarjon,tec-mlb-nl,SELL,0.006,150533.0,150783.0,450391.0,2500.0,1,0.0007,0.0,0.006,0.0011,
tec-mlb-nl-2026-11-27-cy-joemus,tec-mlb-nl,BUY,0.005,4056.0,5878.0,8510.0,2500.0,1,0.0246,0.0014,0.005,0.0493,
tec-mlb-nl-2026-11-27-cy-joemus,tec-mlb-nl,SELL,0.006,20075.0,20109.0,319877.0,2500.0,1,0.005,0.0003,0.006,0.0083,
tec-mlb-nl-2026-11-27-cy-kodsen,tec-mlb-nl,BUY,0.005,4131.0,5998.0,8641.0,2500.0,1,0.0242,0.0014,0.005,0.0484,
tec-mlb-nl-2026-11-27-cy-kodsen,tec-mlb-nl,SELL,0.006,69070.0,69070.0,346172.0,2500.0,1,0.0014,0.0001,0.006,0.0024,
tec-mlb-nl-2026-11-27-cy-logweb,tec-mlb-nl,BUY,0.005,4056.0,5878.0,8403.0,2500.0,1,0.0246,0.0014,0.005,0.0493,
tec-mlb-nl-2026-11-27-cy-logweb,tec-mlb-nl,SELL,0.006,245.0,50961.0,375752.0,2500.0,1,0.0022,0.0001,0.006,0.0036,
tec-mlb-nl-2026-11-27-cy-mickin,tec-mlb-nl,BUY,0.005,4056.0,4056.0,6581.0,2500.0,1,0.0246,0.0014,0.005,0.0493,
tec-mlb-nl-2026-11-27-cy-mickin,tec-mlb-nl,SELL,0.006,1510.0,1511.0,16010.0,2500.0,1,0.0443,0.0026,0.006,0.0739,
tec-mlb-nl-2026-11-27-cy-mitkel,tec-mlb-nl,BUY,0.005,114.0,114.0,404497.0,2500.0,1,0.0004,0.0,0.005,0.0008,
tec-mlb-nl-2026-11-27-cy-mitkel,tec-mlb-nl,SELL,0.006,83728.0,86879.0,392890.0,2500.0,1,0.0012,0.0001,0.006,0.002,
tec-mlb-nl-2026-11-27-cy-niclod,tec-mlb-nl,BUY,0.005,3906.0,5728.0,8399.0,2500.0,1,0.0256,0.0015,0.005,0.0512,
tec-mlb-nl-2026-11-27-cy-niclod,tec-mlb-nl,SELL,0.006,109060.0,109310.0,408494.0,2500.0,1,0.0009,0.0001,0.006,0.0015,
tec-mlb-nl-2026-11-27-cy-nicpiv,tec-mlb-nl,BUY,0.005,2295.0,6617.0,8721.0,2500.0,1,0.0162,0.0009,0.005,0.0323,
tec-mlb-nl-2026-11-27-cy-nicpiv,tec-mlb-nl,SELL,0.006,118819.0,119069.0,418441.0,2500.0,1,0.0008,0.0,0.006,0.0014,
tec-mlb-nl-2026-11-27-cy-nolmcl,tec-mlb-nl,BUY,0.005,3906.0,9109.0,11262.0,2500.0,1,0.0256,0.0015,0.005,0.0512,
tec-mlb-nl-2026-11-27-cy-nolmcl,tec-mlb-nl,SELL,0.006,18723.0,18723.0,296844.0,2500.0,1,0.0053,0.0003,0.006,0.0089,
tec-mlb-nl-2026-11-27-cy-pauske,tec-mlb-nl,BUY,0.005,3231.0,7613.0,8288.0,2500.0,1,0.0309,0.0018,0.005,0.0619,
tec-mlb-nl-2026-11-27-cy-pauske,tec-mlb-nl,SELL,0.006,14033.0,15277.0,292449.0,2500.0,1,0.0071,0.0004,0.006,0.0119,
tec-mlb-nl-2026-11-27-cy-sanalc,tec-mlb-nl,BUY,0.005,2406.0,6778.0,9064.0,2500.0,1,0.0158,0.0009,0.005,0.0315,
tec-mlb-nl-2026-11-27-cy-sanalc,tec-mlb-nl,SELL,0.006,1035.0,1518.0,278960.0,2500.0,1,0.0299,0.0017,0.006,0.0499,
tec-mlb-nl-2026-11-27-cy-tylgla,tec-mlb-nl,BUY,0.005,3906.0,5609.0,6134.0,2500.0,1,0.0256,0.0015,0.005,0.0512,
tec-mlb-nl-2026-11-27-cy-tylgla,tec-mlb-nl,SELL,0.006,5087.0,5087.0,309338.0,2500.0,1,0.0197,0.0011,0.006,0.0328,
tec-mlb-nl-2026-11-27-cy-yosyam,tec-mlb-nl,BUY,0.005,3906.0,6105.0,8630.0,2500.0,1,0.0256,0.0015,0.005,0.0512,
tec-mlb-nl-2026-11-27-cy-yosyam,tec-mlb-nl,SELL,0.006,3.0,378.0,291207.0,2500.0,1,0.0214,0.0012,0.006,0.0357,
tec-mlb-nl-2026-11-27-cy-clahol,tec-mlb-nl,BUY,0.004,3662.0,5732.0,5732.0,2500.0,1,0.0273,0.0016,0.004,0.0683,
tec-mlb-nl-2026-11-27-cy-clahol,tec-mlb-nl,SELL,0.005,76612.0,76862.0,87449.0,2500.0,1,0.0013,0.0001,0.005,0.0026,
tec-mlb-nl-2026-11-27-cy-masmil,tec-mlb-nl,BUY,0.003,4309.0,6947.0,6947.0,2500.0,1,0.0232,0.0013,0.003,0.0773,
tec-mlb-nl-2026-11-27-cy-masmil,tec-mlb-nl,SELL,0.004,98412.0,99849.0,415002.0,2500.0,1,0.001,0.0001,0.004,0.0025,
tec-mlb-nl-2026-11-27-cy-robray,tec-mlb-nl,BUY,0.003,173.0,521387.0,521387.0,2500.0,1,0.0002,0.0,0.003,0.0008,
tec-mlb-nl-2026-11-27-cy-robray,tec-mlb-nl,SELL,0.004,110793.0,112934.0,427513.0,2500.0,1,0.0009,0.0001,0.004,0.0023,
tec-mlb-nl-2026-11-27-cy-chabur,tec-mlb-nl,BUY,0.001,907661.0,907661.0,907661.0,2500.0,1,0.0001,0.0,0.001,0.0011,
tec-mlb-nl-2026-11-27-cy-chabur,tec-mlb-nl,SELL,0.002,4502.0,7100.0,328659.0,2500.0,1,0.0222,0.0013,0.002,0.111,
tec-mlb-nl-2026-11-27-cy-chadol,tec-mlb-nl,BUY,0.001,525.0,525.0,525.0,2500.0,0,0.0,0.0,0.001,0.0,side under Target Size — pays nobody
tec-mlb-nl-2026-11-27-cy-chadol,tec-mlb-nl,SELL,0.002,189464.0,189464.0,215465.0,2500.0,1,0.0005,0.0,0.002,0.0026,
tec-nfl-afcwest-2027-01-10-w-kc,tec-nfl-afcwest,BUY,0.35,1182.88,14934.48,42673.48,15000.0,1,0.0413,0.0155,0.35,0.0012,
tec-nfl-afcwest-2027-01-10-w-kc,tec-nfl-afcwest,SELL,0.36,3290.06,41968.06,73626.06,15000.0,1,0.0067,0.0025,0.36,0.0002,
tec-nfl-afcwest-2027-01-10-w-den,tec-nfl-afcwest,BUY,0.33,1416.66,11755.44,39597.44,15000.0,1,0.0426,0.016,0.33,0.0013,
tec-nfl-afcwest-2027-01-10-w-den,tec-nfl-afcwest,SELL,0.34,1395.0,31419.76,59306.76,15000.0,1,0.0096,0.0036,0.34,0.0003,
tec-nfl-afcwest-2027-01-10-w-lac,tec-nfl-afcwest,BUY,0.33,622.36,1775.36,31875.39,15000.0,1,0.1224,0.0459,0.33,0.0037,
tec-nfl-afcwest-2027-01-10-w-lac,tec-nfl-afcwest,SELL,0.34,2802.36,5846.36,38339.36,15000.0,1,0.0269,0.0101,0.34,0.0008,
tec-nfl-afcwest-2027-01-10-w-lv,tec-nfl-afcwest,BUY,0.05,89586.83,105309.83,107905.83,15000.0,1,0.0011,0.0004,0.05,0.0002,
tec-nfl-afcwest-2027-01-10-w-lv,tec-nfl-afcwest,SELL,0.06,12.38,57.38,72280.5,15000.0,1,0.6418,0.2407,0.06,0.107,
tec-nfl-afcsouth-2027-01-10-w-hou,tec-nfl-afcsouth,BUY,0.46,3572.77,22756.14,50998.73,15000.0,1,0.0172,0.0065,0.46,0.0004,
tec-nfl-afcsouth-2027-01-10-w-hou,tec-nfl-afcsouth,SELL,0.47,1.0,18.0,46041.0,15000.0,1,14.0845,5.2817,0.47,0.2997,
tec-nfl-afcsouth-2027-01-10-w-jax,tec-nfl-afcsouth,BUY,0.28,4062.5,61454.5,89105.72,15000.0,1,0.0048,0.0018,0.28,0.0002,
tec-nfl-afcsouth-2027-01-10-w-jax,tec-nfl-afcsouth,SELL,0.29,2807.63,5070.63,35599.59,15000.0,1,0.0287,0.0108,0.29,0.001,
tec-nfl-afcsouth-2027-01-10-w-ind,tec-nfl-afcsouth,BUY,0.19,7467.04,18663.04,46792.93,15000.0,1,0.0108,0.004,0.19,0.0006,
tec-nfl-afcsouth-2027-01-10-w-ind,tec-nfl-afcsouth,SELL,0.2,2215.75,5253.75,50208.75,15000.0,1,0.0337,0.0127,0.2,0.0017,
tec-nfl-afcsouth-2027-01-10-w-ten,tec-nfl-afcsouth,BUY,0.08,2958.47,42843.26,70812.26,15000.0,1,0.0101,0.0038,0.08,0.0013,
tec-nfl-afcsouth-2027-01-10-w-ten,tec-nfl-afcsouth,SELL,0.09,1234.76,4080.2,34240.3,15000.0,1,0.0616,0.0231,0.09,0.0068,
tec-nfl-afcnorth-2027-01-10-w-bal,tec-nfl-afcnorth,BUY,0.46,4084.0,58681.0,86599.0,15000.0,1,0.005,0.0019,0.46,0.0001,
tec-nfl-afcnorth-2027-01-10-w-bal,tec-nfl-afcnorth,SELL,0.47,7401.0,18115.0,46231.0,15000.0,1,0.0104,0.0039,0.47,0.0002,
tec-nfl-afcnorth-2027-01-10-w-cin,tec-nfl-afcnorth,BUY,0.34,2618.0,12454.0,40433.0,15000.0,1,0.0218,0.0082,0.34,0.0006,
tec-nfl-afcnorth-2027-01-10-w-cin,tec-nfl-afcnorth,SELL,0.35,2791.0,6143.0,52323.0,15000.0,1,0.028,0.0105,0.35,0.0008,
tec-nfl-afcnorth-2027-01-10-w-pit,tec-nfl-afcnorth,BUY,0.19,792.0,52849.0,85023.0,15000.0,1,0.0374,0.014,0.19,0.002,
tec-nfl-afcnorth-2027-01-10-w-pit,tec-nfl-afcnorth,SELL,0.2,28.0,1928.0,31415.0,15000.0,1,0.4998,0.1874,0.2,0.025,
tec-nfl-afcnorth-2027-01-10-w-cle,tec-nfl-afcnorth,BUY,0.04,7520.0,329199.0,329199.0,15000.0,1,0.001,0.0004,0.04,0.0002,
tec-nfl-afcnorth-2027-01-10-w-cle,tec-nfl-afcnorth,SELL,0.05,4328.0,8067.0,35888.0,15000.0,1,0.0201,0.0075,0.05,0.004,
tec-nfl-nfcwest-2027-01-10-w-lar,tec-nfl-nfcwest,BUY,0.49,2010.89,5390.23,33191.4,15000.0,1,0.0413,0.0155,0.49,0.0008,
tec-nfl-nfcwest-2027-01-10-w-lar,tec-nfl-nfcwest,SELL,0.5,16704.06,97210.06,125213.06,15000.0,1,0.006,0.0022,0.5,0.0001,
tec-nfl-nfcwest-2027-01-10-w-sea,tec-nfl-nfcwest,BUY,0.34,698.02,1838.02,31917.02,15000.0,1,0.1228,0.046,0.34,0.0036,
tec-nfl-nfcwest-2027-01-10-w-sea,tec-nfl-nfcwest,SELL,0.35,30967.5,31467.5,59133.52,15000.0,1,0.0032,0.0012,0.35,0.0001,
tec-nfl-nfcwest-2027-01-10-w-sf,tec-nfl-nfcwest,BUY,0.19,55803.26,56403.26,84298.26,15000.0,1,0.0018,0.0007,0.19,0.0001,
tec-nfl-nfcwest-2027-01-10-w-sf,tec-nfl-nfcwest,SELL,0.2,24649.06,25149.06,53120.06,15000.0,1,0.0041,0.0015,0.2,0.0002,
tec-nfl-nfcwest-2027-01-10-w-ari,tec-nfl-nfcwest,BUY,0.01,391057.59,391057.59,391057.59,15000.0,1,0.0003,0.0001,0.01,0.0003,
tec-nfl-nfcwest-2027-01-10-w-ari,tec-nfl-nfcwest,SELL,0.02,619.39,1161.39,29885.39,15000.0,1,0.1563,0.0586,0.02,0.0781,
tec-nfl-nfcnorth-2027-01-10-w-det,tec-nfl-nfcnorth,BUY,0.36,1620.02,12748.97,40874.97,15000.0,1,0.0307,0.0115,0.36,0.0009,
tec-nfl-nfcnorth-2027-01-10-w-det,tec-nfl-nfcnorth,SELL,0.37,3188.69,31545.03,59248.03,15000.0,1,0.0086,0.0032,0.37,0.0002,
tec-nfl-nfcnorth-2027-01-10-w-gb,tec-nfl-nfcnorth,BUY,0.27,4789.46,13054.46,43425.99,15000.0,1,0.0166,0.0062,0.27,0.0006,
tec-nfl-nfcnorth-2027-01-10-w-gb,tec-nfl-nfcnorth,SELL,0.28,1673.15,5830.15,33908.15,15000.0,1,0.0342,0.0128,0.28,0.0012,
tec-nfl-nfcnorth-2027-01-10-w-chi,tec-nfl-nfcnorth,BUY,0.23,10630.3,18489.3,46418.22,15000.0,1,0.0085,0.0032,0.23,0.0004,
tec-nfl-nfcnorth-2027-01-10-w-chi,tec-nfl-nfcnorth,SELL,0.24,1260.11,4135.77,32121.39,15000.0,1,0.0471,0.0177,0.24,0.002,
tec-nfl-nfcnorth-2027-01-10-w-min,tec-nfl-nfcnorth,BUY,0.18,71660.16,71660.16,99281.96,15000.0,1,0.0014,0.0005,0.18,0.0001,
tec-nfl-nfcnorth-2027-01-10-w-min,tec-nfl-nfcnorth,SELL,0.19,1233.77,2025.77,30368.77,15000.0,1,0.0765,0.0287,0.19,0.004,
tec-nfl-afceast-2027-01-10-w-buf,tec-nfl-afceast,BUY,0.55,4844.66,9005.66,36968.35,15000.0,1,0.018,0.0068,0.55,0.0003,
tec-nfl-afceast-2027-01-10-w-buf,tec-nfl-afceast,SELL,0.56,89086.2,89096.2,116995.53,15000.0,1,0.0011,0.0004,0.56,0.0,
tec-nfl-afceast-2027-01-10-w-ne,tec-nfl-afceast,BUY,0.38,2384.63,45919.63,73708.63,15000.0,1,0.0067,0.0025,0.38,0.0002,
tec-nfl-afceast-2027-01-10-w-ne,tec-nfl-afceast,SELL,0.39,538.62,908.59,29474.59,15000.0,1,0.1544,0.0579,0.39,0.004,
tec-nfl-afceast-2027-01-10-w-nyj,tec-nfl-afceast,BUY,0.03,584.66,348613.66,348613.66,15000.0,1,0.001,0.0004,0.03,0.0003,
tec-nfl-afceast-2027-01-10-w-nyj,tec-nfl-afceast,SELL,0.04,1635.0,1635.0,29593.51,15000.0,1,0.0611,0.0229,0.04,0.0153,
tec-nfl-afceast-2027-01-10-w-mia,tec-nfl-afceast,BUY,0.02,255592.0,273192.0,273192.0,15000.0,1,0.0004,0.0001,0.02,0.0002,
tec-nfl-afceast-2027-01-10-w-mia,tec-nfl-afceast,SELL,0.03,96229.43,96229.43,124168.9,15000.0,1,0.001,0.0004,0.03,0.0003,
tec-nfl-nfcsouth-2027-01-10-w-tb,tec-nfl-nfcsouth,BUY,0.34,574.0,6401.5,39292.5,15000.0,1,0.0731,0.0274,0.34,0.0021,
tec-nfl-nfcsouth-2027-01-10-w-tb,tec-nfl-nfcsouth,SELL,0.35,30230.34,30746.34,58562.34,15000.0,1,0.0033,0.0012,0.35,0.0001,
tec-nfl-nfcsouth-2027-01-10-w-no,tec-nfl-nfcsouth,BUY,0.26,5896.45,14186.45,41979.45,15000.0,1,0.0138,0.0052,0.26,0.0005,
tec-nfl-nfcsouth-2027-01-10-w-no,tec-nfl-nfcsouth,SELL,0.27,8857.92,13139.92,41109.92,15000.0,1,0.0108,0.0041,0.27,0.0004,
tec-nfl-nfcsouth-2027-01-10-w-atl,tec-nfl-nfcsouth,BUY,0.23,690.35,2597.35,38781.37,15000.0,1,0.1029,0.0386,0.23,0.0045,
tec-nfl-nfcsouth-2027-01-10-w-atl,tec-nfl-nfcsouth,SELL,0.24,84093.1,87222.1,114851.1,15000.0,1,0.0012,0.0004,0.24,0.0,
tec-nfl-nfcsouth-2027-01-10-w-car,tec-nfl-nfcsouth,BUY,0.2,53750.0,53786.0,81497.0,15000.0,1,0.0019,0.0007,0.2,0.0001,
tec-nfl-nfcsouth-2027-01-10-w-car,tec-nfl-nfcsouth,SELL,0.21,13141.66,16526.66,45766.67,15000.0,1,0.0071,0.0026,0.21,0.0003,
tec-nfl-nfceast-2027-01-10-w-dal,tec-nfl-nfceast,BUY,0.38,1472.39,32202.9,60214.57,15000.0,1,0.0098,0.0037,0.38,0.0003,
tec-nfl-nfceast-2027-01-10-w-dal,tec-nfl-nfceast,SELL,0.39,22229.01,26560.96,54502.96,15000.0,1,0.0045,0.0017,0.39,0.0001,
tec-nfl-nfceast-2027-01-10-w-phi,tec-nfl-nfceast,BUY,0.38,2726.85,5553.31,44227.31,15000.0,1,0.0285,0.0107,0.38,0.0007,
tec-nfl-nfceast-2027-01-10-w-phi,tec-nfl-nfceast,SELL,0.39,21626.04,22166.07,50112.94,15000.0,1,0.0046,0.0017,0.39,0.0001,
tec-nfl-nfceast-2027-01-10-w-nyg,tec-nfl-nfceast,BUY,0.13,74200.84,74616.26,102496.47,15000.0,1,0.0013,0.0005,0.13,0.0001,
tec-nfl-nfceast-2027-01-10-w-nyg,tec-nfl-nfceast,SELL,0.14,1331.86,3212.63,31211.63,15000.0,1,0.0643,0.0241,0.14,0.0046,
tec-nfl-nfceast-2027-01-10-w-was,tec-nfl-nfceast,BUY,0.13,722.93,129220.74,156940.74,15000.0,1,0.0081,0.003,0.13,0.0006,
tec-nfl-nfceast-2027-01-10-w-was,tec-nfl-nfceast,SELL,0.14,135712.32,136317.99,164084.99,15000.0,1,0.0007,0.0003,0.14,0.0001,
tec-nfl-afcchamp-2027-01-31-w-bufbil,tec-nfl-afcchamp,BUY,0.15,369.0,5407.0,33221.0,15000.0,1,0.0539,0.005,0.15,0.0036,
tec-nfl-afcchamp-2027-01-31-w-bufbil,tec-nfl-afcchamp,SELL,0.16,1951.0,1951.0,44516.0,15000.0,1,0.0512,0.0048,0.16,0.0032,
tec-nfl-afcchamp-2027-01-31-w-loscha,tec-nfl-afcchamp,BUY,0.14,388.0,485.0,29249.0,15000.0,1,0.2505,0.0235,0.14,0.0179,
tec-nfl-afcchamp-2027-01-31-w-loscha,tec-nfl-afcchamp,SELL,0.15,1628.0,3268.0,45625.0,15000.0,1,0.0563,0.0053,0.15,0.0038,
tec-nfl-afcchamp-2027-01-31-w-houtex,tec-nfl-afcchamp,BUY,0.13,9.0,809.0,28959.0,15000.0,1,1.1189,0.1049,0.13,0.0861,
tec-nfl-afcchamp-2027-01-31-w-houtex,tec-nfl-afcchamp,SELL,0.14,24.0,27.0,49966.0,15000.0,1,2.9243,0.2742,0.14,0.2089,
tec-nfl-afcchamp-2027-01-31-w-balrav,tec-nfl-afcchamp,BUY,0.12,2872.0,54668.0,82168.0,15000.0,1,0.0108,0.001,0.12,0.0009,
tec-nfl-afcchamp-2027-01-31-w-balrav,tec-nfl-afcchamp,SELL,0.13,66593.0,66593.0,107509.0,15000.0,1,0.0015,0.0001,0.13,0.0001,
tec-nfl-afcchamp-2027-01-31-w-kanchi,tec-nfl-afcchamp,BUY,0.1,23884.0,68547.0,96299.0,15000.0,1,0.0042,0.0004,0.1,0.0004,
tec-nfl-afcchamp-2027-01-31-w-kanchi,tec-nfl-afcchamp,SELL,0.12,52739.0,52739.0,93331.0,15000.0,1,0.0019,0.0002,0.12,0.0002,
tec-nfl-afcchamp-2027-01-31-w-denbro,tec-nfl-afcchamp,BUY,0.08,257161.0,287220.0,315062.0,15000.0,1,0.0004,0.0,0.08,0.0,
tec-nfl-afcchamp-2027-01-31-w-denbro,tec-nfl-afcchamp,SELL,0.1,47973.0,47973.0,88225.0,15000.0,1,0.0021,0.0002,0.1,0.0002,
tec-nfl-afcchamp-2027-01-31-w-newpat,tec-nfl-afcchamp,BUY,0.09,5449.0,57133.0,85012.0,15000.0,1,0.0082,0.0008,0.09,0.0009,
tec-nfl-afcchamp-2027-01-31-w-newpat,tec-nfl-afcchamp,SELL,0.1,50305.0,50352.0,90696.0,15000.0,1,0.002,0.0002,0.1,0.0002,
tec-nfl-afcchamp-2027-01-31-w-cinben,tec-nfl-afcchamp,BUY,0.08,4531.0,58868.0,86586.0,15000.0,1,0.0079,0.0007,0.08,0.001,
tec-nfl-afcchamp-2027-01-31-w-cinben,tec-nfl-afcchamp,SELL,0.09,45312.0,45312.0,85902.0,15000.0,1,0.0022,0.0002,0.09,0.0002,
tec-nfl-afcchamp-2027-01-31-w-jacjag,tec-nfl-afcchamp,BUY,0.06,326544.0,326824.0,354324.0,15000.0,1,0.0003,0.0,0.06,0.0001,
tec-nfl-afcchamp-2027-01-31-w-jacjag,tec-nfl-afcchamp,SELL,0.07,4422.0,5688.0,46243.0,15000.0,1,0.0208,0.002,0.07,0.003,
tec-nfl-afcchamp-2027-01-31-w-pitste,tec-nfl-afcchamp,BUY,0.03,137396.0,185029.0,185029.0,15000.0,1,0.0007,0.0001,0.03,0.0002,
tec-nfl-afcchamp-2027-01-31-w-pitste,tec-nfl-afcchamp,SELL,0.04,212196.0,212196.0,252491.0,15000.0,1,0.0005,0.0,0.04,0.0001,
tec-nfl-afcchamp-2027-01-31-w-indcol,tec-nfl-afcchamp,BUY,0.02,244121.0,286312.0,286312.0,15000.0,1,0.0004,0.0,0.02,0.0002,
tec-nfl-afcchamp-2027-01-31-w-indcol,tec-nfl-afcchamp,SELL,0.03,53617.0,53617.0,94678.0,15000.0,1,0.0019,0.0002,0.03,0.0006,
tec-nfl-afcchamp-2027-01-31-w-clebro,tec-nfl-afcchamp,BUY,0.01,120682.0,120682.0,120682.0,15000.0,1,0.0008,0.0001,0.01,0.0008,
tec-nfl-afcchamp-2027-01-31-w-clebro,tec-nfl-afcchamp,SELL,0.02,122838.0,122838.0,163885.0,15000.0,1,0.0008,0.0001,0.02,0.0004,
tec-nfl-afcchamp-2027-01-31-w-lasrai,tec-nfl-afcchamp,BUY,0.01,147043.0,147043.0,147043.0,15000.0,1,0.0007,0.0001,0.01,0.0007,
tec-nfl-afcchamp-2027-01-31-w-lasrai,tec-nfl-afcchamp,SELL,0.02,122557.0,122557.0,163316.0,15000.0,1,0.0008,0.0001,0.02,0.0004,
tec-nfl-afcchamp-2027-01-31-w-miadol,tec-nfl-afcchamp,BUY,0.01,2622.0,2622.0,2622.0,15000.0,0,0.0,0.0,0.01,0.0,side under Target Size — pays nobody
tec-nfl-afcchamp-2027-01-31-w-miadol,tec-nfl-afcchamp,SELL,0.02,82296.0,82296.0,123168.0,15000.0,1,0.0012,0.0001,0.02,0.0006,
tec-nfl-afcchamp-2027-01-31-w-newjet,tec-nfl-afcchamp,BUY,0.01,2685.0,2685.0,2685.0,15000.0,0,0.0,0.0,0.01,0.0,side under Target Size — pays nobody
tec-nfl-afcchamp-2027-01-31-w-newjet,tec-nfl-afcchamp,SELL,0.02,84071.0,84071.0,124487.0,15000.0,1,0.0012,0.0001,0.02,0.0006,
tec-nfl-afcchamp-2027-01-31-w-tentit,tec-nfl-afcchamp,BUY,0.01,133285.0,133285.0,133285.0,15000.0,1,0.0008,0.0001,0.01,0.0008,
tec-nfl-afcchamp-2027-01-31-w-tentit,tec-nfl-afcchamp,SELL,0.02,82198.0,82198.0,122671.0,15000.0,1,0.0012,0.0001,0.02,0.0006,
tec-nfl-nfcchamp-2027-01-31-w-lar,tec-nfl-nfcchamp,BUY,0.24,24432.0,53958.0,81854.0,15000.0,1,0.0041,0.0004,0.24,0.0002,
tec-nfl-nfcchamp-2027-01-31-w-lar,tec-nfl-nfcchamp,SELL,0.25,56086.0,56147.0,112173.0,15000.0,1,0.0018,0.0002,0.25,0.0001,
tec-nfl-nfcchamp-2027-01-31-w-sea,tec-nfl-nfcchamp,BUY,0.14,1300.0,7742.0,35329.0,15000.0,1,0.0488,0.0046,0.14,0.0035,
tec-nfl-nfcchamp-2027-01-31-w-sea,tec-nfl-nfcchamp,SELL,0.15,1851.0,43516.0,83165.0,15000.0,1,0.0156,0.0015,0.15,0.001,
tec-nfl-nfcchamp-2027-01-31-w-phi,tec-nfl-nfcchamp,BUY,0.1,103350.0,130544.0,158445.0,15000.0,1,0.001,0.0001,0.1,0.0001,
tec-nfl-nfcchamp-2027-01-31-w-phi,tec-nfl-nfcchamp,SELL,0.11,52309.0,52409.0,91996.0,15000.0,1,0.0019,0.0002,0.11,0.0002,
tec-nfl-nfcchamp-2027-01-31-w-chi,tec-nfl-nfcchamp,BUY,0.08,3154.0,76452.0,133402.0,15000.0,1,0.004,0.0004,0.08,0.0005,
tec-nfl-nfcchamp-2027-01-31-w-chi,tec-nfl-nfcchamp,SELL,0.09,50261.0,55425.0,94789.0,15000.0,1,0.002,0.0002,0.09,0.0002,
tec-nfl-nfcchamp-2027-01-31-w-dal,tec-nfl-nfcchamp,BUY,0.08,5632.0,59658.0,87552.0,15000.0,1,0.0046,0.0004,0.08,0.0006,
tec-nfl-nfcchamp-2027-01-31-w-dal,tec-nfl-nfcchamp,SELL,0.09,32312.0,32435.0,71834.0,15000.0,1,0.0031,0.0003,0.09,0.0003,
tec-nfl-nfcchamp-2027-01-31-w-det,tec-nfl-nfcchamp,BUY,0.08,81792.0,82846.0,140249.0,15000.0,1,0.0012,0.0001,0.08,0.0002,
tec-nfl-nfcchamp-2027-01-31-w-det,tec-nfl-nfcchamp,SELL,0.09,58572.0,58672.0,98228.0,15000.0,1,0.0017,0.0002,0.09,0.0002,
tec-nfl-nfcchamp-2027-01-31-w-sf,tec-nfl-nfcchamp,BUY,0.08,4197.0,140621.0,168500.0,15000.0,1,0.0028,0.0003,0.08,0.0003,
tec-nfl-nfcchamp-2027-01-31-w-sf,tec-nfl-nfcchamp,SELL,0.09,52370.0,52526.0,91888.0,15000.0,1,0.0019,0.0002,0.09,0.0002,
tec-nfl-nfcchamp-2027-01-31-w-gb,tec-nfl-nfcchamp,BUY,0.07,5366.0,153345.0,180845.0,15000.0,1,0.0024,0.0002,0.07,0.0003,
tec-nfl-nfcchamp-2027-01-31-w-gb,tec-nfl-nfcchamp,SELL,0.08,57009.0,57109.0,96783.0,15000.0,1,0.0018,0.0002,0.08,0.0002,
tec-nfl-nfcchamp-2027-01-31-w-tb,tec-nfl-nfcchamp,BUY,0.04,108240.0,159179.0,159179.0,15000.0,1,0.0009,0.0001,0.04,0.0002,
tec-nfl-nfcchamp-2027-01-31-w-tb,tec-nfl-nfcchamp,SELL,0.05,203675.0,203775.0,243245.0,15000.0,1,0.0005,0.0,0.05,0.0001,
tec-nfl-nfcchamp-2027-01-31-w-min,tec-nfl-nfcchamp,BUY,0.03,112480.0,115053.0,115053.0,15000.0,1,0.0009,0.0001,0.03,0.0003,
tec-nfl-nfcchamp-2027-01-31-w-min,tec-nfl-nfcchamp,SELL,0.04,59762.0,59862.0,100054.0,15000.0,1,0.0017,0.0002,0.04,0.0004,
tec-nfl-nfcchamp-2027-01-31-w-nyg,tec-nfl-nfcchamp,BUY,0.03,32749.0,87331.0,87331.0,15000.0,1,0.0031,0.0003,0.03,0.001,
tec-nfl-nfcchamp-2027-01-31-w-nyg,tec-nfl-nfcchamp,SELL,0.04,83532.0,83632.0,123055.0,15000.0,1,0.0012,0.0001,0.04,0.0003,
tec-nfl-nfcchamp-2027-01-31-w-atl,tec-nfl-nfcchamp,BUY,0.02,42031.0,60231.0,60231.0,15000.0,1,0.0024,0.0002,0.02,0.0012,
tec-nfl-nfcchamp-2027-01-31-w-atl,tec-nfl-nfcchamp,SELL,0.03,231233.0,231333.0,270632.0,15000.0,1,0.0004,0.0,0.03,0.0001,
tec-nfl-nfcchamp-2027-01-31-w-car,tec-nfl-nfcchamp,BUY,0.02,39727.0,58092.0,58092.0,15000.0,1,0.0025,0.0002,0.02,0.0013,
tec-nfl-nfcchamp-2027-01-31-w-car,tec-nfl-nfcchamp,SELL,0.03,208212.0,208312.0,247779.0,15000.0,1,0.0005,0.0,0.03,0.0002,
tec-nfl-nfcchamp-2027-01-31-w-no,tec-nfl-nfcchamp,BUY,0.02,20365.0,67859.0,67859.0,15000.0,1,0.0049,0.0005,0.02,0.0025,
tec-nfl-nfcchamp-2027-01-31-w-no,tec-nfl-nfcchamp,SELL,0.03,555458.0,555558.0,594825.0,15000.0,1,0.0002,0.0,0.03,0.0001,
tec-nfl-nfcchamp-2027-01-31-w-was,tec-nfl-nfcchamp,BUY,0.02,67092.0,69682.0,69682.0,15000.0,1,0.0015,0.0001,0.02,0.0007,
tec-nfl-nfcchamp-2027-01-31-w-was,tec-nfl-nfcchamp,SELL,0.03,3544.0,55898.0,95317.0,15000.0,1,0.0052,0.0005,0.03,0.0017,
tec-nfl-nfcchamp-2027-01-31-w-ari,tec-nfl-nfcchamp,BUY,0.01,122247.0,122247.0,122247.0,15000.0,1,0.0008,0.0001,0.01,0.0008,
tec-nfl-nfcchamp-2027-01-31-w-ari,tec-nfl-nfcchamp,SELL,0.02,113399.0,113499.0,152993.0,15000.0,1,0.0009,0.0001,0.02,0.0004,
tec-nfl-champ-2027-02-14-w-losram,tec-nfl-champ,BUY,0.16,21866.88,23773.79,55821.65,15000.0,1,0.0046,0.0002,0.16,0.0003,
tec-nfl-champ-2027-02-14-w-losram,tec-nfl-champ,SELL,0.17,71487.6,72487.6,128460.6,15000.0,1,0.0014,0.0001,0.17,0.0001,
tec-nfl-champ-2027-02-14-w-bufbil,tec-nfl-champ,BUY,0.08,2930.43,66789.43,94462.43,15000.0,1,0.0143,0.0007,0.08,0.0018,
tec-nfl-champ-2027-02-14-w-bufbil,tec-nfl-champ,SELL,0.09,76518.11,77518.11,117182.38,15000.0,1,0.0013,0.0001,0.09,0.0001,
tec-nfl-champ-2027-02-14-w-seasea,tec-nfl-champ,BUY,0.07,7185.31,115927.31,144698.15,15000.0,1,0.0025,0.0001,0.07,0.0004,
tec-nfl-champ-2027-02-14-w-seasea,tec-nfl-champ,SELL,0.08,156656.49,157656.49,197681.49,15000.0,1,0.0006,0.0,0.08,0.0001,
tec-nfl-champ-2027-02-14-w-balrav,tec-nfl-champ,BUY,0.06,136379.79,153879.79,182479.79,15000.0,1,0.0007,0.0,0.06,0.0001,
tec-nfl-champ-2027-02-14-w-balrav,tec-nfl-champ,SELL,0.07,77728.51,78728.51,128124.51,15000.0,1,0.0013,0.0001,0.07,0.0002,
tec-nfl-champ-2027-02-14-w-kanchi,tec-nfl-champ,BUY,0.04,119642.13,123142.13,123142.13,15000.0,1,0.0008,0.0,0.04,0.0002,
tec-nfl-champ-2027-02-14-w-kanchi,tec-nfl-champ,SELL,0.06,188287.51,189287.51,228763.51,15000.0,1,0.0005,0.0,0.06,0.0001,
tec-nfl-champ-2027-02-14-w-cinben,tec-nfl-champ,BUY,0.04,111510.15,134402.15,134402.15,15000.0,1,0.0009,0.0,0.04,0.0002,
tec-nfl-champ-2027-02-14-w-cinben,tec-nfl-champ,SELL,0.05,87471.74,88471.74,127949.74,15000.0,1,0.0011,0.0001,0.05,0.0002,
tec-nfl-champ-2027-02-14-w-dalcow,tec-nfl-champ,BUY,0.04,419792.0,422592.58,422592.58,15000.0,1,0.0002,0.0,0.04,0.0001,
tec-nfl-champ-2027-02-14-w-dalcow,tec-nfl-champ,SELL,0.05,93103.79,94119.79,133345.79,15000.0,1,0.0011,0.0001,0.05,0.0002,
tec-nfl-champ-2027-02-14-w-denbro,tec-nfl-champ,BUY,0.04,528558.3,532058.3,532058.3,15000.0,1,0.0002,0.0,0.04,0.0,
tec-nfl-champ-2027-02-14-w-denbro,tec-nfl-champ,SELL,0.05,42449.14,83449.14,122698.14,15000.0,1,0.0024,0.0001,0.05,0.0005,
tec-nfl-champ-2027-02-14-w-houtex,tec-nfl-champ,BUY,0.04,210988.4,213885.34,213885.34,15000.0,1,0.0005,0.0,0.04,0.0001,
tec-nfl-champ-2027-02-14-w-houtex,tec-nfl-champ,SELL,0.05,85037.57,86037.57,125558.57,15000.0,1,0.0012,0.0001,0.05,0.0002,
tec-nfl-champ-2027-02-14-w-loscha,tec-nfl-champ,BUY,0.04,196288.6,200746.05,200746.05,15000.0,1,0.0005,0.0,0.04,0.0001,
tec-nfl-champ-2027-02-14-w-loscha,tec-nfl-champ,SELL,0.05,199724.83,200724.83,240216.83,15000.0,1,0.0005,0.0,0.05,0.0001,
tec-nfl-champ-2027-02-14-w-newpat,tec-nfl-champ,BUY,0.04,158139.67,160911.67,160911.67,15000.0,1,0.0006,0.0,0.04,0.0002,
tec-nfl-champ-2027-02-14-w-newpat,tec-nfl-champ,SELL,0.05,115851.31,116851.31,156361.31,15000.0,1,0.0009,0.0,0.05,0.0002,
tec-nfl-champ-2027-02-14-w-phieag,tec-nfl-champ,BUY,0.04,57176.22,61780.22,61780.22,15000.0,1,0.0017,0.0001,0.04,0.0004,
tec-nfl-champ-2027-02-14-w-phieag,tec-nfl-champ,SELL,0.05,165960.46,166960.46,206379.29,15000.0,1,0.0006,0.0,0.05,0.0001,
tec-nfl-champ-2027-02-14-w-saners,tec-nfl-champ,BUY,0.04,105701.0,113067.53,113067.53,15000.0,1,0.0009,0.0,0.04,0.0002,
tec-nfl-champ-2027-02-14-w-saners,tec-nfl-champ,SELL,0.05,404974.63,405974.63,445957.63,15000.0,1,0.0002,0.0,0.05,0.0,
tec-nfl-champ-2027-02-14-w-chibea,tec-nfl-champ,BUY,0.03,573055.25,625555.25,625555.25,15000.0,1,0.0002,0.0,0.03,0.0001,
tec-nfl-champ-2027-02-14-w-chibea,tec-nfl-champ,SELL,0.04,179676.52,180676.52,219924.52,15000.0,1,0.0006,0.0,0.04,0.0001,
tec-nfl-champ-2027-02-14-w-detlio,tec-nfl-champ,BUY,0.03,260730.85,263320.85,263320.85,15000.0,1,0.0004,0.0,0.03,0.0001,
tec-nfl-champ-2027-02-14-w-detlio,tec-nfl-champ,SELL,0.04,94607.87,95607.87,135078.87,15000.0,1,0.0011,0.0,0.04,0.0003,
tec-nfl-champ-2027-02-14-w-grepac,tec-nfl-champ,BUY,0.03,709104.47,761622.47,761622.47,15000.0,1,0.0001,0.0,0.03,0.0,
tec-nfl-champ-2027-02-14-w-grepac,tec-nfl-champ,SELL,0.04,199813.06,200813.06,240318.06,15000.0,1,0.0005,0.0,0.04,0.0001,
tec-nfl-champ-2027-02-14-w-jacjag,tec-nfl-champ,BUY,0.03,35599.91,103830.91,103830.91,15000.0,1,0.0028,0.0001,0.03,0.0009,
tec-nfl-champ-2027-02-14-w-jacjag,tec-nfl-champ,SELL,0.04,245804.43,246804.43,286481.43,15000.0,1,0.0004,0.0,0.04,0.0001,
tec-nfl-champ-2027-02-14-w-indcol,tec-nfl-champ,BUY,0.02,17421.03,95697.03,95697.03,15000.0,1,0.0057,0.0003,0.02,0.0029,
tec-nfl-champ-2027-02-14-w-indcol,tec-nfl-champ,SELL,0.03,511664.76,512964.76,552164.76,15000.0,1,0.0002,0.0,0.03,0.0001,
tec-nfl-champ-2027-02-14-w-minvik,tec-nfl-champ,BUY,0.02,173730.0,240698.0,240698.0,15000.0,1,0.0006,0.0,0.02,0.0003,
tec-nfl-champ-2027-02-14-w-minvik,tec-nfl-champ,SELL,0.03,288704.54,289704.54,329733.23,15000.0,1,0.0003,0.0,0.03,0.0001,
tec-nfl-champ-2027-02-14-w-newgia,tec-nfl-champ,BUY,0.02,11725.88,180054.15,180054.15,15000.0,1,0.0016,0.0001,0.02,0.0008,
tec-nfl-champ-2027-02-14-w-newgia,tec-nfl-champ,SELL,0.03,738426.68,739426.68,778626.68,15000.0,1,0.0001,0.0,0.03,0.0,
tec-nfl-champ-2027-02-14-w-pitste,tec-nfl-champ,BUY,0.02,15779.29,98105.29,98105.29,15000.0,1,0.0063,0.0003,0.02,0.0032,
tec-nfl-champ-2027-02-14-w-pitste,tec-nfl-champ,SELL,0.03,633613.38,634613.38,673851.38,15000.0,1,0.0002,0.0,0.03,0.0001,
tec-nfl-champ-2027-02-14-w-tambuc,tec-nfl-champ,BUY,0.02,18867.53,104984.53,104984.53,15000.0,1,0.0053,0.0002,0.02,0.0026,
tec-nfl-champ-2027-02-14-w-tambuc,tec-nfl-champ,SELL,0.03,266511.22,267511.22,307604.22,15000.0,1,0.0004,0.0,0.03,0.0001,
tec-nfl-champ-2027-02-14-w-wascom,tec-nfl-champ,BUY,0.02,18463.8,52747.8,52747.8,15000.0,1,0.0054,0.0003,0.02,0.0027,
tec-nfl-champ-2027-02-14-w-wascom,tec-nfl-champ,SELL,0.03,359406.45,360406.45,400414.45,15000.0,1,0.0003,0.0,0.03,0.0001,
tec-nfl-champ-2027-02-14-w-aricar,tec-nfl-champ,BUY,0.01,3463.0,3463.0,3463.0,15000.0,0,0.0,0.0,0.01,0.0,side under Target Size — pays nobody
tec-nfl-champ-2027-02-14-w-aricar,tec-nfl-champ,SELL,0.02,1538584.52,1539884.52,1579111.52,15000.0,1,0.0001,0.0,0.02,0.0,
tec-nfl-champ-2027-02-14-w-atlfal,tec-nfl-champ,BUY,0.01,119765.0,119765.0,119765.0,15000.0,1,0.0008,0.0,0.01,0.0008,
tec-nfl-champ-2027-02-14-w-atlfal,tec-nfl-champ,SELL,0.02,910128.21,911128.21,950549.21,15000.0,1,0.0001,0.0,0.02,0.0001,
tec-nfl-champ-2027-02-14-w-clebro,tec-nfl-champ,BUY,0.01,123579.7,123579.7,123579.7,15000.0,1,0.0008,0.0,0.01,0.0008,
tec-nfl-champ-2027-02-14-w-clebro,tec-nfl-champ,SELL,0.02,264796.95,265796.95,306043.95,15000.0,1,0.0004,0.0,0.02,0.0002,
tec-nfl-champ-2027-02-14-w-lasrai,tec-nfl-champ,BUY,0.01,120678.02,120678.02,120678.02,15000.0,1,0.0008,0.0,0.01,0.0008,
tec-nfl-champ-2027-02-14-w-lasrai,tec-nfl-champ,SELL,0.02,164343.55,165343.55,205775.55,15000.0,1,0.0006,0.0,0.02,0.0003,
tec-nfl-champ-2027-02-14-w-miadol,tec-nfl-champ,BUY,0.01,117513.02,117513.02,117513.02,15000.0,1,0.0009,0.0,0.01,0.0009,
tec-nfl-champ-2027-02-14-w-miadol,tec-nfl-champ,SELL,0.02,225663.06,226663.06,267359.06,15000.0,1,0.0004,0.0,0.02,0.0002,
tec-nfl-champ-2027-02-14-w-newjet,tec-nfl-champ,BUY,0.01,117515.0,117515.0,117515.0,15000.0,1,0.0009,0.0,0.01,0.0009,
tec-nfl-champ-2027-02-14-w-newjet,tec-nfl-champ,SELL,0.02,337827.51,338827.51,378364.51,15000.0,1,0.0003,0.0,0.02,0.0001,
tec-nfl-champ-2027-02-14-w-newsai,tec-nfl-champ,BUY,0.01,123567.81,123567.81,123567.81,15000.0,1,0.0008,0.0,0.01,0.0008,
tec-nfl-champ-2027-02-14-w-newsai,tec-nfl-champ,SELL,0.02,754199.22,755199.22,794447.22,15000.0,1,0.0001,0.0,0.02,0.0001,
tec-nfl-champ-2027-02-14-w-tentit,tec-nfl-champ,BUY,0.01,3235.02,3235.02,3235.02,15000.0,0,0.0,0.0,0.01,0.0,side under Target Size — pays nobody
tec-nfl-champ-2027-02-14-w-tentit,tec-nfl-champ,SELL,0.02,237498.38,238498.38,279088.38,15000.0,1,0.0004,0.0,0.02,0.0002,
tec-nfl-champ-2027-02-14-w-carpan,tec-nfl-champ,BUY,,0.0,0.0,0.0,15000.0,0,0.0,0.0,0.0,0.0,side is empty
tec-nfl-champ-2027-02-14-w-carpan,tec-nfl-champ,SELL,0.01,41246.8,623711.8,663318.8,15000.0,1,0.0024,0.0001,0.01,0.0024,
tec-nfl-dpoy-2027-02-11-w-mylgar,tec-nfl-dpoy,BUY,0.15,1937.33,5934.33,36445.44,15000.0,1,0.0324,0.001,0.15,0.0022,
tec-nfl-dpoy-2027-02-11-w-mylgar,tec-nfl-dpoy,SELL,0.16,110.0,1260.59,48397.02,15000.0,1,0.3655,0.011,0.16,0.0228,
tec-nfl-dpoy-2027-02-11-w-wiland,tec-nfl-dpoy,BUY,0.13,2980.68,16506.68,44587.68,15000.0,1,0.0195,0.0006,0.13,0.0015,
tec-nfl-dpoy-2027-02-11-w-wiland,tec-nfl-dpoy,SELL,0.14,807.0,2230.11,30973.11,15000.0,1,0.081,0.0024,0.14,0.0058,
tec-nfl-dpoy-2027-02-11-w-aidhut,tec-nfl-dpoy,BUY,0.11,3245.81,8638.81,36417.91,15000.0,1,0.0206,0.0006,0.11,0.0019,
tec-nfl-dpoy-2027-02-11-w-aidhut,tec-nfl-dpoy,SELL,0.12,210.06,18667.54,65313.54,15000.0,1,0.1215,0.0036,0.12,0.0101,
tec-nfl-dpoy-2027-02-11-w-abdcar,tec-nfl-dpoy,BUY,0.07,599.14,9412.14,86039.67,15000.0,1,0.0712,0.0021,0.07,0.0102,
tec-nfl-dpoy-2027-02-11-w-abdcar,tec-nfl-dpoy,SELL,0.08,269.34,269.34,59136.34,15000.0,1,0.3606,0.0108,0.08,0.0451,
tec-nfl-dpoy-2027-02-11-w-jarver,tec-nfl-dpoy,BUY,0.04,127.0,121044.56,121044.56,15000.0,1,0.0245,0.0007,0.04,0.0061,
tec-nfl-dpoy-2027-02-11-w-jarver,tec-nfl-dpoy,SELL,0.05,17.5,36659.48,65359.48,15000.0,1,0.0296,0.0009,0.05,0.0059,
tec-nfl-dpoy-2027-02-11-w-maxcro,tec-nfl-dpoy,BUY,0.04,52418.89,54993.89,54993.89,15000.0,1,0.0019,0.0001,0.04,0.0005,
tec-nfl-dpoy-2027-02-11-w-maxcro,tec-nfl-dpoy,SELL,0.05,815.0,21285.14,51335.13,15000.0,1,0.0629,0.0019,0.05,0.0126,
tec-nfl-dpoy-2027-02-11-w-nicbos,tec-nfl-dpoy,BUY,0.03,60450.22,63019.22,63019.22,15000.0,1,0.0017,0.0,0.03,0.0006,
tec-nfl-dpoy-2027-02-11-w-nicbos,tec-nfl-dpoy,SELL,0.04,2773.11,14776.11,43671.11,15000.0,1,0.0249,0.0007,0.04,0.0062,
tec-nfl-dpoy-2027-02-11-w-nikbon,tec-nfl-dpoy,BUY,0.03,65330.3,67914.3,67914.3,15000.0,1,0.0015,0.0,0.03,0.0005,
tec-nfl-dpoy-2027-02-11-w-nikbon,tec-nfl-dpoy,SELL,0.04,24.0,18878.03,47912.61,15000.0,1,0.0195,0.0006,0.04,0.0049,
tec-nfl-dpoy-2027-02-11-w-chrgon,tec-nfl-dpoy,BUY,0.01,3299206.0,3299206.0,3299206.0,15000.0,1,0.0,0.0,0.01,0.0,
tec-nfl-dpoy-2027-02-11-w-chrgon,tec-nfl-dpoy,SELL,0.03,219.0,18917.05,47852.07,15000.0,1,0.0524,0.0016,0.03,0.0175,
tec-nfl-dpoy-2027-02-11-w-danhun,tec-nfl-dpoy,BUY,0.02,5843.0,8459.0,8459.0,15000.0,0,0.0,0.0,0.02,0.0,side under Target Size — pays nobody
tec-nfl-dpoy-2027-02-11-w-danhun,tec-nfl-dpoy,SELL,0.03,1304.8,1483.8,40363.8,15000.0,1,0.0722,0.0022,0.03,0.0241,
tec-nfl-dpoy-2027-02-11-w-devwit,tec-nfl-dpoy,BUY,0.02,122.0,402268.9,402268.9,15000.0,1,0.0008,0.0,0.02,0.0004,
tec-nfl-dpoy-2027-02-11-w-devwit,tec-nfl-dpoy,SELL,0.03,1197.3,18818.45,48718.45,15000.0,1,0.0338,0.001,0.03,0.0113,
tec-nfl-dpoy-2027-02-11-w-dexlaw,tec-nfl-dpoy,BUY,0.02,115.0,483661.9,483661.9,15000.0,1,0.0007,0.0,0.02,0.0003,
tec-nfl-dpoy-2027-02-11-w-dexlaw,tec-nfl-dpoy,SELL,0.03,1553.53,3026.55,33711.55,15000.0,1,0.0617,0.0018,0.03,0.0206,
tec-nfl-dpoy-2027-02-11-w-frewar,tec-nfl-dpoy,BUY,0.02,70046.9,72603.9,72603.9,15000.0,1,0.0014,0.0,0.02,0.0007,
tec-nfl-dpoy-2027-02-11-w-frewar,tec-nfl-dpoy,SELL,0.03,12183.51,54681.51,83555.72,15000.0,1,0.0048,0.0001,0.03,0.0016,
tec-nfl-dpoy-2027-02-11-w-jalcar,tec-nfl-dpoy,BUY,0.02,547550.9,550068.9,550068.9,15000.0,1,0.0002,0.0,0.02,0.0001,
tec-nfl-dpoy-2027-02-11-w-jalcar,tec-nfl-dpoy,SELL,0.03,1150.05,30478.88,59321.88,15000.0,1,0.0101,0.0003,0.03,0.0034,
tec-nfl-dpoy-2027-02-11-w-kylham,tec-nfl-dpoy,BUY,0.02,1121.9,121421.9,121421.9,15000.0,1,0.0027,0.0001,0.02,0.0013,
tec-nfl-dpoy-2027-02-11-w-kylham,tec-nfl-dpoy,SELL,0.03,51258.48,51357.51,80227.19,15000.0,1,0.002,0.0001,0.03,0.0007,
tec-nfl-dpoy-2027-02-11-w-tjwatt,tec-nfl-dpoy,BUY,0.02,228208.83,230949.83,230949.83,15000.0,1,0.0004,0.0,0.02,0.0002,
tec-nfl-dpoy-2027-02-11-w-tjwatt,tec-nfl-dpoy,SELL,0.03,2505.78,4395.78,33602.78,15000.0,1,0.0333,0.001,0.03,0.0111,
tec-nfl-dpoy-2027-02-11-w-trehen,tec-nfl-dpoy,BUY,0.02,228294.9,230764.9,230764.9,15000.0,1,0.0004,0.0,0.02,0.0002,
tec-nfl-dpoy-2027-02-11-w-trehen,tec-nfl-dpoy,SELL,0.03,819.82,1026.45,40848.52,15000.0,1,0.1045,0.0031,0.03,0.0348,
tec-nfl-dpoy-2027-02-11-w-andgin,tec-nfl-dpoy,BUY,0.01,1662.36,1662.36,1662.36,15000.0,0,0.0,0.0,0.01,0.0,side under Target Size — pays nobody
tec-nfl-dpoy-2027-02-11-w-andgin,tec-nfl-dpoy,SELL,0.02,94151.26,94250.26,122969.26,15000.0,1,0.0011,0.0,0.02,0.0005,
tec-nfl-dpoy-2027-02-11-w-bribur,tec-nfl-dpoy,BUY,0.01,2627472.58,2627472.58,2627472.58,15000.0,1,0.0,0.0,0.01,0.0,
tec-nfl-dpoy-2027-02-11-w-bribur,tec-nfl-dpoy,SELL,0.02,2217.83,3049.83,41851.83,15000.0,1,0.0401,0.0012,0.02,0.0201,
tec-nfl-dpoy-2027-02-11-w-budbak,tec-nfl-dpoy,BUY,0.01,2514883.31,2514883.31,2514883.31,15000.0,1,0.0,0.0,0.01,0.0,
tec-nfl-dpoy-2027-02-11-w-budbak,tec-nfl-dpoy,SELL,0.02,2379.45,14511.45,43461.4,15000.0,1,0.0172,0.0005,0.02,0.0086,
tec-nfl-dpoy-2027-02-11-w-chorob,tec-nfl-dpoy,BUY,0.01,1663.36,1663.36,1663.36,15000.0,0,0.0,0.0,0.01,0.0,side under Target Size — pays nobody
tec-nfl-dpoy-2027-02-11-w-chorob,tec-nfl-dpoy,SELL,0.02,105439.9,105538.9,134256.9,15000.0,1,0.0009,0.0,0.02,0.0005,
tec-nfl-dpoy-2027-02-11-w-chrjon,tec-nfl-dpoy,BUY,0.01,1663.36,1663.36,1663.36,15000.0,0,0.0,0.0,0.01,0.0,side under Target Size — pays nobody
tec-nfl-dpoy-2027-02-11-w-chrjon,tec-nfl-dpoy,SELL,0.02,106967.9,107066.9,135784.9,15000.0,1,0.0009,0.0,0.02,0.0005,
tec-nfl-dpoy-2027-02-11-w-chrwil,tec-nfl-dpoy,BUY,0.01,2514679.35,2514679.35,2514679.35,15000.0,1,0.0,0.0,0.01,0.0,
tec-nfl-dpoy-2027-02-11-w-chrwil,tec-nfl-dpoy,SELL,0.02,2761.05,4236.05,33063.05,15000.0,1,0.0312,0.0009,0.02,0.0156,
tec-nfl-dpoy-2027-02-11-w-dersti,tec-nfl-dpoy,BUY,0.01,3281823.36,3281823.36,3281823.36,15000.0,1,0.0,0.0,0.01,0.0,
tec-nfl-dpoy-2027-02-11-w-dersti,tec-nfl-dpoy,SELL,0.02,2631.41,3553.41,32546.38,15000.0,1,0.0344,0.001,0.02,0.0172,
tec-nfl-dpoy-2027-02-11-w-devllo,tec-nfl-dpoy,BUY,0.01,1666.88,1666.88,1666.88,15000.0,0,0.0,0.0,0.01,0.0,side under Target Size — pays nobody
tec-nfl-dpoy-2027-02-11-w-devllo,tec-nfl-dpoy,SELL,0.02,103948.38,104047.38,132940.33,15000.0,1,0.001,0.0,0.02,0.0005,
tec-nfl-dpoy-2027-02-11-w-edoli,tec-nfl-dpoy,BUY,0.01,1637.31,1637.31,1637.31,15000.0,0,0.0,0.0,0.01,0.0,side under Target Size — pays nobody
tec-nfl-dpoy-2027-02-11-w-edoli,tec-nfl-dpoy,SELL,0.02,96136.31,96251.31,141470.31,15000.0,1,0.001,0.0,0.02,0.0005,
tec-nfl-dpoy-2027-02-11-w-grerou,tec-nfl-dpoy,BUY,0.01,872268.37,872268.37,872268.37,15000.0,1,0.0001,0.0,0.01,0.0001,
tec-nfl-dpoy-2027-02-11-w-grerou,tec-nfl-dpoy,SELL,0.02,25450.39,25549.39,54430.39,15000.0,1,0.0039,0.0001,0.02,0.002,
tec-nfl-dpoy-2027-02-11-w-haared,tec-nfl-dpoy,BUY,0.01,344010.31,344010.31,344010.31,15000.0,1,0.0003,0.0,0.01,0.0003,
tec-nfl-dpoy-2027-02-11-w-haared,tec-nfl-dpoy,SELL,0.02,2626.09,3468.09,32264.09,15000.0,1,0.0347,0.001,0.02,0.0174,
tec-nfl-dpoy-2027-02-11-w-jalram,tec-nfl-dpoy,BUY,0.01,2714763.31,2714763.31,2714763.31,15000.0,1,0.0,0.0,0.01,0.0,
tec-nfl-dpoy-2027-02-11-w-jalram,tec-nfl-dpoy,SELL,0.02,2370.45,14499.45,43451.4,15000.0,1,0.0173,0.0005,0.02,0.0086,
tec-nfl-dpoy-2027-02-11-w-jefsim,tec-nfl-dpoy,BUY,0.01,1662.36,1662.36,1662.36,15000.0,0,0.0,0.0,0.01,0.0,side under Target Size — pays nobody
tec-nfl-dpoy-2027-02-11-w-jefsim,tec-nfl-dpoy,SELL,0.02,102112.26,102211.26,130930.26,15000.0,1,0.001,0.0,0.02,0.0005,
tec-nfl-dpoy-2027-02-11-w-jesbat,tec-nfl-dpoy,BUY,0.01,1364529.31,1364529.31,1364529.31,15000.0,1,0.0001,0.0,0.01,0.0001,
tec-nfl-dpoy-2027-02-11-w-jesbat,tec-nfl-dpoy,SELL,0.02,2705.85,3550.85,32463.8,15000.0,1,0.0338,0.001,0.02,0.0169,
tec-nfl-dpoy-2027-02-11-w-joshin,tec-nfl-dpoy,BUY,0.01,396873.95,396873.95,396873.95,15000.0,1,0.0003,0.0,0.01,0.0003,
tec-nfl-dpoy-2027-02-11-w-joshin,tec-nfl-dpoy,SELL,0.02,3198.5,3297.5,7183.15,15000.0,0,0.0,0.0,0.02,0.0,side under Target Size — pays nobody
tec-nfl-dpoy-2027-02-11-w-josswe,tec-nfl-dpoy,BUY,0.01,1662.31,1662.31,1662.31,15000.0,0,0.0,0.0,0.01,0.0,side under Target Size — pays nobody
tec-nfl-dpoy-2027-02-11-w-josswe,tec-nfl-dpoy,SELL,0.02,100703.31,100802.31,129696.26,15000.0,1,0.001,0.0,0.02,0.0005,
tec-nfl-dpoy-2027-02-11-w-kerjos,tec-nfl-dpoy,BUY,0.01,1662.36,1662.36,1662.36,15000.0,0,0.0,0.0,0.01,0.0,side under Target Size — pays nobody
tec-nfl-dpoy-2027-02-11-w-kerjos,tec-nfl-dpoy,SELL,0.02,93461.26,93560.26,122279.26,15000.0,1,0.0011,0.0,0.02,0.0005,
tec-nfl-dpoy-2027-02-11-w-leowil,tec-nfl-dpoy,BUY,0.01,2514829.36,2514829.36,2514829.36,15000.0,1,0.0,0.0,0.01,0.0,
tec-nfl-dpoy-2027-02-11-w-leowil,tec-nfl-dpoy,SELL,0.02,2579.4,14710.4,43484.4,15000.0,1,0.0167,0.0005,0.02,0.0083,
tec-nfl-dpoy-2027-02-11-w-micpar,tec-nfl-dpoy,BUY,0.01,408662.23,408662.23,408662.23,15000.0,1,0.0002,0.0,0.01,0.0002,
tec-nfl-dpoy-2027-02-11-w-micpar,tec-nfl-dpoy,SELL,0.02,117510.82,117799.49,146625.49,15000.0,1,0.0009,0.0,0.02,0.0004,
tec-nfl-dpoy-2027-02-11-w-monswe,tec-nfl-dpoy,BUY,0.01,2516953.36,2516953.36,2516953.36,15000.0,1,0.0,0.0,0.01,0.0,
tec-nfl-dpoy-2027-02-11-w-monswe,tec-nfl-dpoy,SELL,0.02,25319.4,25418.4,54174.4,15000.0,1,0.0039,0.0001,0.02,0.002,
tec-nfl-dpoy-2027-02-11-w-nolsmi,tec-nfl-dpoy,BUY,0.01,2514251.29,2514251.29,2514251.29,15000.0,1,0.0,0.0,0.01,0.0,
tec-nfl-dpoy-2027-02-11-w-nolsmi,tec-nfl-dpoy,SELL,0.02,3075.37,3981.37,32881.47,15000.0,1,0.0299,0.0009,0.02,0.015,
tec-nfl-dpoy-2027-02-11-w-patsur,tec-nfl-dpoy,BUY,0.01,516509.98,516509.98,516509.98,15000.0,1,0.0002,0.0,0.01,0.0002,
tec-nfl-dpoy-2027-02-11-w-patsur,tec-nfl-dpoy,SELL,0.02,1821.42,2423.42,31502.45,15000.0,1,0.0499,0.0015,0.02,0.025,
tec-nfl-dpoy-2027-02-11-w-quimit,tec-nfl-dpoy,BUY,0.01,2685092.66,2685092.66,2685092.66,15000.0,1,0.0,0.0,0.01,0.0,
tec-nfl-dpoy-2027-02-11-w-quimit,tec-nfl-dpoy,SELL,0.02,25595.55,25702.55,54580.55,15000.0,1,0.0039,0.0001,0.02,0.002,
tec-nfl-dpoy-2027-02-11-w-quiwil,tec-nfl-dpoy,BUY,0.01,2516345.31,2516345.31,2516345.31,15000.0,1,0.0,0.0,0.01,0.0,
tec-nfl-dpoy-2027-02-11-w-quiwil,tec-nfl-dpoy,SELL,0.02,24044.35,24143.35,52919.35,15000.0,1,0.0042,0.0001,0.02,0.0021,
tec-nfl-dpoy-2027-02-11-w-rasgar,tec-nfl-dpoy,BUY,0.01,2516829.36,2516829.36,2516829.36,15000.0,1,0.0,0.0,0.01,0.0,
tec-nfl-dpoy-2027-02-11-w-rasgar,tec-nfl-dpoy,SELL,0.02,25509.4,25608.4,54376.4,15000.0,1,0.0039,0.0001,0.02,0.002,
tec-nfl-dpoy-2027-02-11-w-saugar,tec-nfl-dpoy,BUY,0.01,2617269.66,2617269.66,2617269.66,15000.0,1,0.0,0.0,0.01,0.0,
tec-nfl-dpoy-2027-02-11-w-saugar,tec-nfl-dpoy,SELL,0.02,25005.1,25104.1,53911.1,15000.0,1,0.004,0.0001,0.02,0.002,
tec-nfl-dpoy-2027-02-11-w-trawal,tec-nfl-dpoy,BUY,0.01,1391494.31,1391494.31,1391494.31,15000.0,1,0.0001,0.0,0.01,0.0001,
tec-nfl-dpoy-2027-02-11-w-trawal,tec-nfl-dpoy,SELL,0.02,2631.45,14708.45,43689.4,15000.0,1,0.0258,0.0008,0.02,0.0129,
tec-mlb-nlchamp-2026-09-27-lad,tec-mlb-nlchamp,BUY,0.412,5.0,6.0,318025.0,2500.0,1,0.1606,0.0268,0.412,0.0039,
tec-mlb-nlchamp-2026-09-27-lad,tec-mlb-nlchamp,SELL,0.413,13.0,7693.0,300459.0,2500.0,1,0.0144,0.0024,0.413,0.0003,
tec-mlb-nlchamp-2026-09-27-mil,tec-mlb-nlchamp,BUY,0.21,4421.0,4627.0,295056.0,2500.0,1,0.0226,0.0038,0.21,0.0011,
tec-mlb-nlchamp-2026-09-27-mil,tec-mlb-nlchamp,SELL,0.211,13463.0,13463.0,321301.0,2500.0,1,0.0074,0.0012,0.211,0.0004,
tec-mlb-nlchamp-2026-09-27-atl,tec-mlb-nlchamp,BUY,0.144,3555.0,3555.0,321427.0,2500.0,1,0.0281,0.0047,0.144,0.002,
tec-mlb-nlchamp-2026-09-27-atl,tec-mlb-nlchamp,SELL,0.145,1.0,2.0,258038.0,2500.0,1,0.1202,0.02,0.145,0.0083,
tec-mlb-nlchamp-2026-09-27-phi,tec-mlb-nlchamp,BUY,0.101,17253.0,19853.0,318866.0,2500.0,1,0.0058,0.001,0.101,0.0006,
tec-mlb-nlchamp-2026-09-27-phi,tec-mlb-nlchamp,SELL,0.102,1269.0,1269.0,277415.0,2500.0,1,0.053,0.0088,0.102,0.0052,
tec-mlb-nlchamp-2026-09-27-chc,tec-mlb-nlchamp,BUY,0.098,47.0,1245.0,316046.0,2500.0,1,0.0213,0.0036,0.098,0.0022,
tec-mlb-nlchamp-2026-09-27-chc,tec-mlb-nlchamp,SELL,0.099,25.0,4128.0,295958.0,2500.0,1,0.0282,0.0047,0.099,0.0029,
tec-mlb-nlchamp-2026-09-27-sd,tec-mlb-nlchamp,BUY,0.031,47392.0,49992.0,83335.0,2500.0,1,0.0021,0.0004,0.031,0.0007,
tec-mlb-nlchamp-2026-09-27-sd,tec-mlb-nlchamp,SELL,0.032,4.0,299.0,282221.0,2500.0,1,0.0953,0.0159,0.032,0.0298,
tec-mlb-nlchamp-2026-09-27-az,tec-mlb-nlchamp,BUY,0.02,71779.0,71779.0,93894.0,2500.0,1,0.0014,0.0002,0.02,0.0007,
tec-mlb-nlchamp-2026-09-27-az,tec-mlb-nlchamp,SELL,0.021,6.0,6.0,295790.0,2500.0,1,0.1363,0.0227,0.021,0.0649,
tec-mlb-nlchamp-2026-09-27-mia,tec-mlb-nlchamp,BUY,0.009,16789.0,16789.0,22142.0,2500.0,1,0.006,0.001,0.009,0.0066,
tec-mlb-nlchamp-2026-09-27-mia,tec-mlb-nlchamp,SELL,0.011,115.0,306.0,308252.0,2500.0,1,0.0251,0.0042,0.011,0.0228,
tec-mlb-nlchamp-2026-09-27-cin,tec-mlb-nlchamp,BUY,0.005,3756.0,6256.0,8756.0,2500.0,1,0.0266,0.0044,0.005,0.0532,
tec-mlb-nlchamp-2026-09-27-cin,tec-mlb-nlchamp,SELL,0.006,1469.0,3429.0,332954.0,2500.0,1,0.0309,0.0052,0.006,0.0515,
tec-mlb-nlchamp-2026-09-27-wsh,tec-mlb-nlchamp,BUY,0.003,9217.0,14317.0,14317.0,2500.0,1,0.0108,0.0018,0.003,0.0362,
tec-mlb-nlchamp-2026-09-27-wsh,tec-mlb-nlchamp,SELL,0.004,63163.0,66010.0,464755.0,2500.0,1,0.0016,0.0003,0.004,0.004,
tec-mlb-nlchamp-2026-09-27-pit,tec-mlb-nlchamp,BUY,0.002,425463.0,425463.0,425463.0,2500.0,1,0.0002,0.0,0.002,0.0012,
tec-mlb-nlchamp-2026-09-27-pit,tec-mlb-nlchamp,SELL,0.003,105543.0,190621.0,538868.0,2500.0,1,0.0009,0.0002,0.003,0.0032,
tec-mlb-nlchamp-2026-09-27-col,tec-mlb-nlchamp,BUY,0.001,539820.0,539820.0,539820.0,2500.0,1,0.0002,0.0,0.001,0.0019,
tec-mlb-nlchamp-2026-09-27-col,tec-mlb-nlchamp,SELL,0.002,2625.0,4490.0,384603.0,2500.0,1,0.0381,0.0063,0.002,0.1904,
tec-mlb-nlchamp-2026-09-27-nym,tec-mlb-nlchamp,BUY,0.001,507588.0,507588.0,507588.0,2500.0,1,0.0002,0.0,0.001,0.002,
tec-mlb-nlchamp-2026-09-27-nym,tec-mlb-nlchamp,SELL,0.002,11663.0,11663.0,373600.0,2500.0,1,0.0086,0.0014,0.002,0.0429,
tec-mlb-nlchamp-2026-09-27-sf,tec-mlb-nlchamp,BUY,0.001,14998.0,14998.0,14998.0,2500.0,1,0.0067,0.0011,0.001,0.0667,
tec-mlb-nlchamp-2026-09-27-sf,tec-mlb-nlchamp,SELL,0.002,185501.0,187958.0,556458.0,2500.0,1,0.0005,0.0001,0.002,0.0027,
tec-mlb-nlchamp-2026-09-27-stl,tec-mlb-nlchamp,BUY,0.001,510876.0,510876.0,510876.0,2500.0,1,0.0002,0.0,0.001,0.002,
tec-mlb-nlchamp-2026-09-27-stl,tec-mlb-nlchamp,SELL,0.002,8673.0,9827.0,326905.0,2500.0,1,0.0115,0.0019,0.002,0.0576,
tec-mlb-champ-2026-09-27-lad,tec-mlb-champ,BUY,0.302,1077.0,1085.0,344362.0,2500.0,1,0.0189,0.0016,0.302,0.0006,
tec-mlb-champ-2026-09-27-lad,tec-mlb-champ,SELL,0.303,5512.0,5512.0,347047.0,2500.0,1,0.0181,0.0015,0.303,0.0006,
tec-mlb-champ-2026-09-27-mil,tec-mlb-champ,BUY,0.136,1.0,1.0,467900.0,2500.0,1,0.0948,0.0079,0.136,0.007,
tec-mlb-champ-2026-09-27-mil,tec-mlb-champ,SELL,0.139,9005.0,9005.0,313703.0,2500.0,1,0.0111,0.0009,0.139,0.0008,
tec-mlb-champ-2026-09-27-nyy,tec-mlb-champ,BUY,0.115,4.0,1560.0,490993.0,2500.0,1,0.033,0.0027,0.115,0.0029,
tec-mlb-champ-2026-09-27-nyy,tec-mlb-champ,SELL,0.116,1.0,1466.0,273625.0,2500.0,1,0.0741,0.0062,0.116,0.0064,
tec-mlb-champ-2026-09-27-tb,tec-mlb-champ,BUY,0.083,29.0,1270.0,506295.0,2500.0,1,0.0148,0.0012,0.083,0.0018,
tec-mlb-champ-2026-09-27-tb,tec-mlb-champ,SELL,0.084,4959.0,9948.0,300498.0,2500.0,1,0.0202,0.0017,0.084,0.0024,
tec-mlb-champ-2026-09-27-atl,tec-mlb-champ,BUY,0.073,9237.0,9237.0,529562.0,2500.0,1,0.0108,0.0009,0.073,0.0015,
tec-mlb-champ-2026-09-27-atl,tec-mlb-champ,SELL,0.074,4.0,5.0,271921.0,2500.0,1,0.0273,0.0023,0.074,0.0037,
tec-mlb-champ-2026-09-27-chc,tec-mlb-champ,BUY,0.062,2.0,132.0,445295.0,2500.0,1,0.0326,0.0027,0.062,0.0053,
tec-mlb-champ-2026-09-27-chc,tec-mlb-champ,SELL,0.066,8949.0,8949.0,284024.0,2500.0,1,0.0112,0.0009,0.066,0.0017,
tec-mlb-champ-2026-09-27-phi,tec-mlb-champ,BUY,0.062,145.0,24593.0,359476.0,2500.0,1,0.0045,0.0004,0.062,0.0007,
tec-mlb-champ-2026-09-27-phi,tec-mlb-champ,SELL,0.063,4398.0,6898.0,324052.0,2500.0,1,0.0227,0.0019,0.063,0.0036,
tec-mlb-champ-2026-09-27-bos,tec-mlb-champ,BUY,0.054,31109.0,31109.0,440965.0,2500.0,1,0.0032,0.0003,0.054,0.0006,
tec-mlb-champ-2026-09-27-bos,tec-mlb-champ,SELL,0.055,6720.0,6885.0,338684.0,2500.0,1,0.0149,0.0012,0.055,0.0027,
tec-mlb-champ-2026-09-27-cws,tec-mlb-champ,BUY,0.034,42640.0,45140.0,76920.0,2500.0,1,0.0023,0.0002,0.034,0.0007,
tec-mlb-champ-2026-09-27-cws,tec-mlb-champ,SELL,0.035,22975.0,22975.0,366944.0,2500.0,1,0.0044,0.0004,0.035,0.0012,
tec-mlb-champ-2026-09-27-hou,tec-mlb-champ,BUY,0.032,21.0,1650.0,96944.0,2500.0,1,0.0031,0.0003,0.032,0.001,
tec-mlb-champ-2026-09-27-hou,tec-mlb-champ,SELL,0.034,1875.0,1875.0,321013.0,2500.0,1,0.0209,0.0017,0.034,0.0062,
tec-mlb-champ-2026-09-27-cle,tec-mlb-champ,BUY,0.03,18.0,2373.0,39428.0,2500.0,1,0.0447,0.0037,0.03,0.0149,
tec-mlb-champ-2026-09-27-cle,tec-mlb-champ,SELL,0.031,38.0,6952.0,293628.0,2500.0,1,0.016,0.0013,0.031,0.0052,
tec-mlb-champ-2026-09-27-sd,tec-mlb-champ,BUY,0.017,102773.0,105273.0,124671.0,2500.0,1,0.001,0.0001,0.017,0.0006,
tec-mlb-champ-2026-09-27-sd,tec-mlb-champ,SELL,0.02,22225.0,28954.0,351121.0,2500.0,1,0.0045,0.0004,0.02,0.0022,
tec-mlb-champ-2026-09-27-sea,tec-mlb-champ,BUY,0.015,34.0,56.0,20582.0,2500.0,1,0.02,0.0017,0.015,0.0133,
tec-mlb-champ-2026-09-27-sea,tec-mlb-champ,SELL,0.016,160021.0,160476.0,501731.0,2500.0,1,0.0006,0.0001,0.016,0.0004,
tec-mlb-champ-2026-09-27-tex,tec-mlb-champ,BUY,0.014,255.0,3615.0,11416.0,2500.0,1,0.0328,0.0027,0.014,0.0234,
tec-mlb-champ-2026-09-27-tex,tec-mlb-champ,SELL,0.015,151681.0,151946.0,479918.0,2500.0,1,0.0007,0.0001,0.015,0.0004,
tec-mlb-champ-2026-09-27-tor,tec-mlb-champ,BUY,0.012,43.0,113928.0,130288.0,2500.0,1,0.0012,0.0001,0.012,0.001,
tec-mlb-champ-2026-09-27-tor,tec-mlb-champ,SELL,0.014,12319.0,21025.0,355070.0,2500.0,1,0.0081,0.0007,0.014,0.0058,
tec-mlb-champ-2026-09-27-az,tec-mlb-champ,BUY,0.01,169.0,4281.0,15551.0,2500.0,1,0.0348,0.0029,0.01,0.0348,
tec-mlb-champ-2026-09-27-az,tec-mlb-champ,SELL,0.011,3.0,2442.0,291686.0,2500.0,1,0.0235,0.002,0.011,0.0214,
tec-mlb-champ-2026-09-27-det,tec-mlb-champ,BUY,0.005,3879.0,8980.0,11891.0,2500.0,1,0.0258,0.0021,0.005,0.0515,
tec-mlb-champ-2026-09-27-det,tec-mlb-champ,SELL,0.006,10894.0,15716.0,332260.0,2500.0,1,0.0092,0.0008,0.006,0.0153,
tec-mlb-champ-2026-09-27-mia,tec-mlb-champ,BUY,0.001,4126.0,4126.0,4126.0,2500.0,1,0.0242,0.002,0.001,0.2423,
tec-mlb-champ-2026-09-27-mia,tec-mlb-champ,SELL,0.005,8315.0,9143.0,334695.0,2500.0,1,0.012,0.001,0.005,0.0241,
tec-mlb-champ-2026-09-27-min,tec-mlb-champ,BUY,0.004,3946.0,11546.0,11546.0,2500.0,1,0.0253,0.0021,0.004,0.0633,
tec-mlb-champ-2026-09-27-min,tec-mlb-champ,SELL,0.005,11077.0,11080.0,356953.0,2500.0,1,0.009,0.0008,0.005,0.0181,
tec-mlb-champ-2026-09-27-ath,tec-mlb-champ,BUY,0.001,185207.0,185207.0,185207.0,2500.0,1,0.0005,0.0,0.001,0.0054,
tec-mlb-champ-2026-09-27-ath,tec-mlb-champ,SELL,0.002,109991.0,114642.0,550679.0,2500.0,1,0.0009,0.0001,0.002,0.0045,
tec-mlb-champ-2026-09-27-bal,tec-mlb-champ,BUY,0.001,404249.0,404249.0,404249.0,2500.0,1,0.0002,0.0,0.001,0.0025,
tec-mlb-champ-2026-09-27-bal,tec-mlb-champ,SELL,0.002,3393.0,5969.0,361703.0,2500.0,1,0.0295,0.0025,0.002,0.1473,
tec-mlb-champ-2026-09-27-cin,tec-mlb-champ,BUY,0.001,400109.0,400109.0,400109.0,2500.0,1,0.0002,0.0,0.001,0.0025,
tec-mlb-champ-2026-09-27-cin,tec-mlb-champ,SELL,0.002,3439.0,6904.0,354763.0,2500.0,1,0.0291,0.0024,0.002,0.1453,
tec-mlb-champ-2026-09-27-col,tec-mlb-champ,BUY,0.001,25.0,25.0,25.0,2500.0,0,0.0,0.0,0.001,0.0,side under Target Size — pays nobody
tec-mlb-champ-2026-09-27-col,tec-mlb-champ,SELL,0.002,64682.0,64682.0,464678.0,2500.0,1,0.0015,0.0001,0.002,0.0077,
tec-mlb-champ-2026-09-27-kc,tec-mlb-champ,BUY,0.001,2060834.0,2060834.0,2060834.0,2500.0,1,0.0,0.0,0.001,0.0005,
tec-mlb-champ-2026-09-27-kc,tec-mlb-champ,SELL,0.002,344282.0,344282.0,710778.0,2500.0,1,0.0003,0.0,0.002,0.0015,
tec-mlb-champ-2026-09-27-nym,tec-mlb-champ,BUY,0.001,1261688.0,1261688.0,1261688.0,2500.0,1,0.0001,0.0,0.001,0.0008,
tec-mlb-champ-2026-09-27-nym,tec-mlb-champ,SELL,0.002,6956.0,11989.0,511822.0,2500.0,1,0.0144,0.0012,0.002,0.0719,
tec-mlb-champ-2026-09-27-pit,tec-mlb-champ,BUY,0.001,4637.0,4637.0,4637.0,2500.0,1,0.0216,0.0018,0.001,0.2156,
tec-mlb-champ-2026-09-27-pit,tec-mlb-champ,SELL,0.002,4859.0,5820.0,559054.0,2500.0,1,0.0206,0.0017,0.002,0.1029,
tec-mlb-champ-2026-09-27-stl,tec-mlb-champ,BUY,0.001,502847.0,502847.0,502847.0,2500.0,1,0.0002,0.0,0.001,0.002,
tec-mlb-champ-2026-09-27-stl,tec-mlb-champ,SELL,0.002,12931.0,12931.0,357745.0,2500.0,1,0.0077,0.0006,0.002,0.0387,
tec-mlb-champ-2026-09-27-laa,tec-mlb-champ,BUY,,0.0,0.0,0.0,2500.0,0,0.0,0.0,0.0,0.0,side is empty
tec-mlb-champ-2026-09-27-laa,tec-mlb-champ,SELL,0.001,43627.0,47177.0,690871.0,2500.0,1,0.0023,0.0002,0.001,0.0229,
tec-mlb-champ-2026-09-27-sf,tec-mlb-champ,BUY,,0.0,0.0,0.0,2500.0,0,0.0,0.0,0.0,0.0,side is empty
tec-mlb-champ-2026-09-27-sf,tec-mlb-champ,SELL,0.001,122721.0,127098.0,533665.0,2500.0,1,0.0008,0.0001,0.001,0.0081,
tec-mlb-champ-2026-09-27-wsh,tec-mlb-champ,BUY,,0.0,0.0,0.0,2500.0,0,0.0,0.0,0.0,0.0,side is empty
tec-mlb-champ-2026-09-27-wsh,tec-mlb-champ,SELL,0.001,172874.0,176624.0,606744.0,2500.0,1,0.0006,0.0,0.001,0.0058,
tec-mlb-alchamp-2026-09-27-nyy,tec-mlb-alchamp,BUY,0.247,115.0,115.0,317448.0,2500.0,1,0.0961,0.016,0.247,0.0039,
tec-mlb-alchamp-2026-09-27-nyy,tec-mlb-alchamp,SELL,0.248,1749.0,1749.0,282956.0,2500.0,1,0.0391,0.0065,0.248,0.0016,
tec-mlb-alchamp-2026-09-27-tb,tec-mlb-alchamp,BUY,0.221,1.0,6.0,374311.0,2500.0,1,0.0657,0.0109,0.221,0.003,
tec-mlb-alchamp-2026-09-27-tb,tec-mlb-alchamp,SELL,0.222,9.0,12.0,302509.0,2500.0,1,0.1066,0.0178,0.222,0.0048,
tec-mlb-alchamp-2026-09-27-bos,tec-mlb-alchamp,BUY,0.135,78.0,106.0,338410.0,2500.0,1,0.0294,0.0049,0.135,0.0022,
tec-mlb-alchamp-2026-09-27-bos,tec-mlb-alchamp,SELL,0.136,19097.0,19097.0,355148.0,2500.0,1,0.0052,0.0009,0.136,0.0004,
tec-mlb-alchamp-2026-09-27-cws,tec-mlb-alchamp,BUY,0.127,4.0,4.0,310687.0,2500.0,1,0.293,0.0488,0.127,0.0231,
tec-mlb-alchamp-2026-09-27-cws,tec-mlb-alchamp,SELL,0.13,13309.0,13309.0,329438.0,2500.0,1,0.0075,0.0013,0.13,0.0006,
tec-mlb-alchamp-2026-09-27-hou,tec-mlb-alchamp,BUY,0.096,84.0,288.0,309495.0,2500.0,1,0.0435,0.0072,0.096,0.0045,
tec-mlb-alchamp-2026-09-27-hou,tec-mlb-alchamp,SELL,0.097,6728.0,6728.0,281199.0,2500.0,1,0.0149,0.0025,0.097,0.0015,
tec-mlb-alchamp-2026-09-27-tex,tec-mlb-alchamp,BUY,0.063,23.0,25.0,346603.0,2500.0,1,0.021,0.0035,0.063,0.0033,
tec-mlb-alchamp-2026-09-27-tex,tec-mlb-alchamp,SELL,0.064,15.0,16.0,256225.0,2500.0,1,0.7697,0.1283,0.064,0.1203,
tec-mlb-alchamp-2026-09-27-cle,tec-mlb-alchamp,BUY,0.052,16509.0,19135.0,429309.0,2500.0,1,0.0061,0.001,0.052,0.0012,
tec-mlb-alchamp-2026-09-27-cle,tec-mlb-alchamp,SELL,0.053,5.0,5.0,272352.0,2500.0,1,0.5668,0.0945,0.053,0.1069,
tec-mlb-alchamp-2026-09-27-sea,tec-mlb-alchamp,BUY,0.033,43862.0,43862.0,77457.0,2500.0,1,0.0023,0.0004,0.033,0.0007,
tec-mlb-alchamp-2026-09-27-sea,tec-mlb-alchamp,SELL,0.034,3.0,3.0,285663.0,2500.0,1,0.16,0.0267,0.034,0.0471,
tec-mlb-alchamp-2026-09-27-tor,tec-mlb-alchamp,BUY,0.027,18823.0,19223.0,41256.0,2500.0,1,0.0053,0.0009,0.027,0.002,
tec-mlb-alchamp-2026-09-27-tor,tec-mlb-alchamp,SELL,0.028,8118.0,10017.0,289844.0,2500.0,1,0.0123,0.0021,0.028,0.0044,
tec-mlb-alchamp-2026-09-27-min,tec-mlb-alchamp,BUY,0.011,77.0,7078.0,12492.0,2500.0,1,0.0157,0.0026,0.011,0.0143,
tec-mlb-alchamp-2026-09-27-min,tec-mlb-alchamp,SELL,0.013,12033.0,12033.0,324609.0,2500.0,1,0.0083,0.0014,0.013,0.0064,
tec-mlb-alchamp-2026-09-27-bal,tec-mlb-alchamp,BUY,0.01,193288.0,193288.0,211021.0,2500.0,1,0.0005,0.0001,0.01,0.0005,
tec-mlb-alchamp-2026-09-27-bal,tec-mlb-alchamp,SELL,0.011,17473.0,37978.0,348414.0,2500.0,1,0.0057,0.001,0.011,0.0052,
tec-mlb-alchamp-2026-09-27-det,tec-mlb-alchamp,BUY,0.01,106307.0,108066.0,124810.0,2500.0,1,0.0009,0.0002,0.01,0.0009,
tec-mlb-alchamp-2026-09-27-det,tec-mlb-alchamp,SELL,0.011,8651.0,8906.0,355731.0,2500.0,1,0.0116,0.0019,0.011,0.0105,
tec-mlb-alchamp-2026-09-27-kc,tec-mlb-alchamp,BUY,0.005,6687.0,6687.0,11787.0,2500.0,1,0.015,0.0025,0.005,0.0299,
tec-mlb-alchamp-2026-09-27-kc,tec-mlb-alchamp,SELL,0.007,34738.0,81682.0,381789.0,2500.0,1,0.0029,0.0005,0.007,0.0041,
tec-mlb-alchamp-2026-09-27-laa,tec-mlb-alchamp,BUY,0.006,3753.0,3753.0,6253.0,2500.0,1,0.0266,0.0044,0.006,0.0444,
tec-mlb-alchamp-2026-09-27-laa,tec-mlb-alchamp,SELL,0.007,92895.0,144538.0,455169.0,2500.0,1,0.0011,0.0002,0.007,0.0015,
tec-mlb-alchamp-2026-09-27-ath,tec-mlb-alchamp,BUY,,0.0,0.0,0.0,2500.0,0,0.0,0.0,0.0,0.0,side is empty
tec-mlb-alchamp-2026-09-27-ath,tec-mlb-alchamp,SELL,0.002,2760.0,5893.0,436667.0,2500.0,1,0.0362,0.006,0.002,0.1811,
tec-mlb-nl-2026-11-27-mvp-petarm,tec-mlb-nl,BUY,0.88,2.0,1444.0,416578.0,2500.0,1,0.0496,0.003,0.88,0.0006,
tec-mlb-nl-2026-11-27-mvp-petarm,tec-mlb-nl,SELL,0.881,11.0,3821.0,389334.0,2500.0,1,0.0321,0.002,0.881,0.0004,
tec-mlb-nl-2026-11-27-mvp-shooht,tec-mlb-nl,BUY,0.11,5.0,8.0,375259.0,2500.0,1,0.0368,0.0022,0.11,0.0033,
tec-mlb-nl-2026-11-27-mvp-shooht,tec-mlb-nl,SELL,0.12,1622.0,3207.0,285134.0,2500.0,1,0.0328,0.002,0.12,0.0027,
tec-mlb-nl-2026-11-27-mvp-matols,tec-mlb-nl,BUY,0.005,11599.0,11599.0,14099.0,2500.0,1,0.0086,0.0005,0.005,0.0172,
tec-mlb-nl-2026-11-27-mvp-matols,tec-mlb-nl,SELL,0.007,78.0,23661.0,286276.0,2500.0,1,0.0052,0.0003,0.007,0.0074,
tec-mlb-nl-2026-11-27-mvp-bralow,tec-mlb-nl,BUY,0.006,261.0,261.0,51555.0,2500.0,1,0.0033,0.0002,0.006,0.0055,
tec-mlb-nl-2026-11-27-mvp-bralow,tec-mlb-nl,SELL,0.007,1615.0,1738.0,11523.0,2500.0,1,0.0339,0.0021,0.007,0.0484,
tec-mlb-nl-2026-11-27-mvp-bryhar,tec-mlb-nl,BUY,0.006,279.0,3461.0,5961.0,2500.0,1,0.0318,0.0019,0.006,0.053,
tec-mlb-nl-2026-11-27-mvp-bryhar,tec-mlb-nl,SELL,0.007,32143.0,33763.0,306527.0,2500.0,1,0.0031,0.0002,0.007,0.0044,
tec-mlb-nl-2026-11-27-mvp-fertat,tec-mlb-nl,BUY,0.005,7684.0,7684.0,10184.0,2500.0,1,0.013,0.0008,0.005,0.026,
tec-mlb-nl-2026-11-27-mvp-fertat,tec-mlb-nl,SELL,0.007,3.0,1135.0,295477.0,2500.0,1,0.0163,0.001,0.007,0.0233,
tec-mlb-nl-2026-11-27-mvp-andpag,tec-mlb-nl,BUY,0.005,104.0,104.0,51971.0,2500.0,1,0.0029,0.0002,0.005,0.0059,
tec-mlb-nl-2026-11-27-mvp-andpag,tec-mlb-nl,SELL,0.006,1782.0,2135.0,11400.0,2500.0,1,0.0278,0.0017,0.006,0.0464,
tec-mlb-nl-2026-11-27-mvp-frefre,tec-mlb-nl,BUY,0.005,2380.0,5276.0,7544.0,2500.0,1,0.0201,0.0012,0.005,0.0401,
tec-mlb-nl-2026-11-27-mvp-frefre,tec-mlb-nl,SELL,0.006,51591.0,51891.0,354117.0,2500.0,1,0.0019,0.0001,0.006,0.0032,
tec-mlb-nl-2026-11-27-mvp-kylsch,tec-mlb-nl,BUY,0.005,7663.0,7663.0,10163.0,2500.0,1,0.013,0.0008,0.005,0.0261,
tec-mlb-nl-2026-11-27-mvp-kylsch,tec-mlb-nl,SELL,0.006,54375.0,54520.0,328151.0,2500.0,1,0.0018,0.0001,0.006,0.0031,
tec-mlb-nl-2026-11-27-mvp-manmac,tec-mlb-nl,BUY,0.005,4206.0,6623.0,9123.0,2500.0,1,0.0238,0.0014,0.005,0.0475,
tec-mlb-nl-2026-11-27-mvp-manmac,tec-mlb-nl,SELL,0.006,3.0,936.0,280075.0,2500.0,1,0.0424,0.0026,0.006,0.0706,
tec-mlb-nl-2026-11-27-mvp-onecru,tec-mlb-nl,BUY,0.005,4101.0,9124.0,10249.0,2500.0,1,0.0244,0.0015,0.005,0.0488,
tec-mlb-nl-2026-11-27-mvp-onecru,tec-mlb-nl,SELL,0.006,18942.0,18942.0,296782.0,2500.0,1,0.0053,0.0003,0.006,0.0088,
tec-mlb-nl-2026-11-27-mvp-seisuz,tec-mlb-nl,BUY,0.005,3756.0,3756.0,5914.0,2500.0,1,0.0266,0.0016,0.005,0.0532,
tec-mlb-nl-2026-11-27-mvp-seisuz,tec-mlb-nl,SELL,0.006,897.0,1155.0,9261.0,2500.0,1,0.0467,0.0028,0.006,0.0779,
tec-mlb-nl-2026-11-27-mvp-britur,tec-mlb-nl,BUY,0.004,6888.0,7386.0,7386.0,2500.0,1,0.0145,0.0009,0.004,0.0363,
tec-mlb-nl-2026-11-27-mvp-britur,tec-mlb-nl,SELL,0.005,67042.0,67292.0,366644.0,2500.0,1,0.0015,0.0001,0.005,0.003,
tec-mlb-nl-2026-11-27-mvp-corcar,tec-mlb-nl,BUY,0.004,11856.0,13319.0,13319.0,2500.0,1,0.0084,0.0005,0.004,0.0211,
tec-mlb-nl-2026-11-27-mvp-corcar,tec-mlb-nl,SELL,0.005,31070.0,31070.0,321223.0,2500.0,1,0.0032,0.0002,0.005,0.0064,
tec-mlb-nl-2026-11-27-mvp-drabal,tec-mlb-nl,BUY,0.004,3234.0,3732.0,3732.0,2500.0,1,0.0309,0.0019,0.004,0.0773,
tec-mlb-nl-2026-11-27-mvp-drabal,tec-mlb-nl,SELL,0.005,4905.0,5155.0,310408.0,2500.0,1,0.0204,0.0012,0.005,0.0408,
tec-mlb-nl-2026-11-27-mvp-ellcru,tec-mlb-nl,BUY,0.004,2696.0,7822.0,7822.0,2500.0,1,0.0371,0.0023,0.004,0.0927,
tec-mlb-nl-2026-11-27-mvp-ellcru,tec-mlb-nl,SELL,0.005,11745.0,12045.0,312756.0,2500.0,1,0.0085,0.0005,0.005,0.017,
tec-mlb-nl-2026-11-27-mvp-kyltuc,tec-mlb-nl,BUY,0.004,3287.0,8049.0,8049.0,2500.0,1,0.0304,0.0019,0.004,0.076,
tec-mlb-nl-2026-11-27-mvp-kyltuc,tec-mlb-nl,SELL,0.005,14606.0,15156.0,292979.0,2500.0,1,0.0068,0.0004,0.005,0.0137,
tec-mlb-nl-2026-11-27-mvp-matcha,tec-mlb-nl,BUY,0.004,3583.0,4283.0,4283.0,2500.0,1,0.0279,0.0017,0.004,0.0698,
tec-mlb-nl-2026-11-27-mvp-matcha,tec-mlb-nl,SELL,0.005,190659.0,192009.0,468025.0,2500.0,1,0.0005,0.0,0.005,0.001,
tec-mlb-nl-2026-11-27-mvp-wilada,tec-mlb-nl,BUY,0.004,2357.0,404625.0,404625.0,2500.0,1,0.0003,0.0,0.004,0.0008,
tec-mlb-nl-2026-11-27-mvp-wilada,tec-mlb-nl,SELL,0.005,69637.0,70187.0,368819.0,2500.0,1,0.0014,0.0001,0.005,0.0029,
tec-mlb-nl-2026-11-27-mvp-wilsmi,tec-mlb-nl,BUY,0.004,3018.0,5179.0,5179.0,2500.0,1,0.0331,0.002,0.004,0.0828,
tec-mlb-nl-2026-11-27-mvp-wilsmi,tec-mlb-nl,SELL,0.005,1676.0,2264.0,283246.0,2500.0,1,0.0234,0.0014,0.005,0.0468,
tec-mlb-nl-2026-11-27-mvp-jorwal,tec-mlb-nl,BUY,0.003,4499.0,5197.0,5197.0,2500.0,1,0.0222,0.0014,0.003,0.0741,
tec-mlb-nl-2026-11-27-mvp-jorwal,tec-mlb-nl,SELL,0.004,2603.0,34363.0,342290.0,2500.0,1,0.0384,0.0023,0.004,0.096,
tec-mlb-nl-2026-11-27-mvp-micbus,tec-mlb-nl,BUY,0.003,6393.0,6456.0,6456.0,2500.0,1,0.0156,0.001,0.003,0.0521,
tec-mlb-nl-2026-11-27-mvp-micbus,tec-mlb-nl,SELL,0.004,6365.0,6615.0,284837.0,2500.0,1,0.0157,0.001,0.004,0.0393,
tec-mlb-nl-2026-11-27-mvp-rafdev,tec-mlb-nl,BUY,0.003,3654.0,4729.0,4729.0,2500.0,1,0.0274,0.0017,0.003,0.0912,
tec-mlb-nl-2026-11-27-mvp-rafdev,tec-mlb-nl,SELL,0.004,2785.0,3335.0,282838.0,2500.0,1,0.0359,0.0022,0.004,0.0897,
tec-mlb-nl-2026-11-27-mvp-fralin,tec-mlb-nl,BUY,0.002,4809.0,16871.0,16871.0,2500.0,1,0.0208,0.0013,0.002,0.104,
tec-mlb-nl-2026-11-27-mvp-fralin,tec-mlb-nl,SELL,0.003,8805.0,9303.0,287495.0,2500.0,1,0.0114,0.0007,0.003,0.0379,
tec-mlb-nl-2026-11-27-mvp-ausril,tec-mlb-nl,BUY,0.001,170967.0,170967.0,170967.0,2500.0,1,0.0006,0.0,0.001,0.0058,
tec-mlb-nl-2026-11-27-mvp-ausril,tec-mlb-nl,SELL,0.002,9200.0,11881.0,18315.0,2500.0,1,0.0109,0.0007,0.002,0.0543,
tec-mlb-nl-2026-11-27-mvp-cjabr,tec-mlb-nl,BUY,0.001,93584.0,93584.0,93584.0,2500.0,1,0.0011,0.0001,0.001,0.0107,
tec-mlb-nl-2026-11-27-mvp-cjabr,tec-mlb-nl,SELL,0.002,2726.0,4745.0,13042.0,2500.0,1,0.0367,0.0022,0.002,0.1834,
tec-mlb-nl-2026-11-27-mvp-jaccho,tec-mlb-nl,BUY,0.001,508107.0,508107.0,508107.0,2500.0,1,0.0002,0.0,0.001,0.002,
tec-mlb-nl-2026-11-27-mvp-jaccho,tec-mlb-nl,SELL,0.002,37295.0,51943.0,352611.0,2500.0,1,0.0027,0.0002,0.002,0.0134,
tec-mlb-nl-2026-11-27-mvp-jacmer,tec-mlb-nl,BUY,0.001,508125.0,508125.0,508125.0,2500.0,1,0.0002,0.0,0.001,0.002,
tec-mlb-nl-2026-11-27-mvp-jacmer,tec-mlb-nl,SELL,0.002,34640.0,34754.0,334593.0,2500.0,1,0.0029,0.0002,0.002,0.0144,
tec-mlb-nl-2026-11-27-mvp-juasot,tec-mlb-nl,BUY,0.001,509969.0,509969.0,509969.0,2500.0,1,0.0002,0.0,0.001,0.002,
tec-mlb-nl-2026-11-27-mvp-juasot,tec-mlb-nl,SELL,0.002,95668.0,95733.0,400359.0,2500.0,1,0.001,0.0001,0.002,0.0052,
tec-mlb-nl-2026-11-27-mvp-ketmar,tec-mlb-nl,BUY,0.001,508270.0,508270.0,508270.0,2500.0,1,0.0002,0.0,0.001,0.002,
tec-mlb-nl-2026-11-27-mvp-ketmar,tec-mlb-nl,SELL,0.002,4863.0,5401.0,305049.0,2500.0,1,0.0206,0.0013,0.002,0.1028,
tec-mlb-nl-2026-11-27-mvp-michar,tec-mlb-nl,BUY,0.001,508136.0,508136.0,508136.0,2500.0,1,0.0002,0.0,0.001,0.002,
tec-mlb-nl-2026-11-27-mvp-michar,tec-mlb-nl,SELL,0.002,20191.0,20629.0,321020.0,2500.0,1,0.005,0.0003,0.002,0.0248,
tec-mlb-nl-2026-11-27-mvp-moobet,tec-mlb-nl,BUY,0.001,506787.0,506787.0,506787.0,2500.0,1,0.0002,0.0,0.001,0.002,
tec-mlb-nl-2026-11-27-mvp-moobet,tec-mlb-nl,SELL,0.002,12128.0,12367.0,312602.0,2500.0,1,0.0082,0.0005,0.002,0.0412,
tec-mlb-nl-2026-11-27-mvp-nichoe,tec-mlb-nl,BUY,0.001,508113.0,508113.0,508113.0,2500.0,1,0.0002,0.0,0.001,0.002,
tec-mlb-nl-2026-11-27-mvp-nichoe,tec-mlb-nl,SELL,0.002,1655.0,1911.0,303510.0,2500.0,1,0.0317,0.0019,0.002,0.1587,
tec-mlb-nl-2026-11-27-mvp-pauske,tec-mlb-nl,BUY,0.001,506417.0,506417.0,506417.0,2500.0,1,0.0002,0.0,0.001,0.002,
tec-mlb-nl-2026-11-27-mvp-pauske,tec-mlb-nl,SELL,0.002,13960.0,14709.0,298689.0,2500.0,1,0.0072,0.0004,0.002,0.0358,
tec-mlb-nl-2026-11-27-mvp-ronacu,tec-mlb-nl,BUY,0.001,510321.0,510321.0,510321.0,2500.0,1,0.0002,0.0,0.001,0.002,
tec-mlb-nl-2026-11-27-mvp-ronacu,tec-mlb-nl,SELL,0.002,23723.0,24082.0,328956.0,2500.0,1,0.0042,0.0003,0.002,0.0211,
tec-mlb-nl-2026-11-27-mvp-salste,tec-mlb-nl,BUY,0.001,128934.0,128934.0,128934.0,2500.0,1,0.0008,0.0,0.001,0.0078,
tec-mlb-nl-2026-11-27-mvp-salste,tec-mlb-nl,SELL,0.002,2172.0,3381.0,9982.0,2500.0,1,0.0317,0.0019,0.002,0.1586,
tec-mlb-nl-2026-11-27-mvp-tretur,tec-mlb-nl,BUY,0.001,508097.0,508097.0,508097.0,2500.0,1,0.0002,0.0,0.001,0.002,
tec-mlb-nl-2026-11-27-mvp-tretur,tec-mlb-nl,SELL,0.002,1717.0,2076.0,281321.0,2500.0,1,0.0389,0.0024,0.002,0.1945,
tec-mlb-nl-2026-11-27-mvp-wilcon,tec-mlb-nl,BUY,0.001,100147.0,100147.0,100147.0,2500.0,1,0.001,0.0001,0.001,0.01,
tec-mlb-nl-2026-11-27-mvp-wilcon,tec-mlb-nl,SELL,0.002,1940.0,3109.0,8861.0,2500.0,1,0.0357,0.0022,0.002,0.1786,
tec-mlb-nl-2026-11-27-mvp-alebre,tec-mlb-nl,BUY,,0.0,0.0,0.0,2500.0,0,0.0,0.0,0.0,0.0,side is empty
tec-mlb-nl-2026-11-27-mvp-alebre,tec-mlb-nl,SELL,0.001,4135.0,4135.0,395583.0,2500.0,1,0.0242,0.0015,0.001,0.2418,
tec-mlb-nl-2026-11-27-mvp-jamwoo,tec-mlb-nl,BUY,,0.0,0.0,0.0,2500.0,0,0.0,0.0,0.0,0.0,side is empty
tec-mlb-nl-2026-11-27-mvp-jamwoo,tec-mlb-nl,SELL,0.001,2504.0,3383.0,331955.0,2500.0,1,0.0399,0.0024,0.001,0.3992,
tec-mlb-nl-2026-11-27-mvp-yosyam,tec-mlb-nl,BUY,,0.0,0.0,0.0,2500.0,0,0.0,0.0,0.0,0.0,side is empty
tec-mlb-nl-2026-11-27-mvp-yosyam,tec-mlb-nl,SELL,0.001,17978.0,37078.0,343558.0,2500.0,1,0.0056,0.0003,0.001,0.0556,
tec-mlb-nl-2026-11-27-cy-jacmis,tec-mlb-nl,BUY,0.871,18.0,334.0,394107.0,2500.0,1,0.3961,0.023,0.871,0.0045,
tec-mlb-nl-2026-11-27-cy-jacmis,tec-mlb-nl,SELL,0.872,7.0,104.0,386113.0,2500.0,1,0.0584,0.0034,0.872,0.0007,
tec-mlb-nl-2026-11-27-cy-chrsal,tec-mlb-nl,BUY,0.089,14341.0,14541.0,293283.0,2500.0,1,0.007,0.0004,0.089,0.0008,
tec-mlb-nl-2026-11-27-cy-chrsal,tec-mlb-nl,SELL,0.09,3688.0,3688.0,294197.0,2500.0,1,0.0271,0.0016,0.09,0.003,
tec-mlb-nl-2026-11-27-cy-crisan,tec-mlb-nl,BUY,0.055,5.0,5.0,473809.0,2500.0,1,0.3047,0.0177,0.055,0.0554,
tec-mlb-nl-2026-11-27-cy-crisan,tec-mlb-nl,SELL,0.057,276.0,5259.0,286586.0,2500.0,1,0.0256,0.0015,0.057,0.0045,
tec-mlb-nl-2026-11-27-cy-brapfa,tec-mlb-nl,BUY,0.011,4046.0,4046.0,6463.0,2500.0,1,0.0247,0.0014,0.011,0.0225,
tec-mlb-nl-2026-11-27-cy-brapfa,tec-mlb-nl,SELL,0.012,29978.0,29978.0,36266.0,2500.0,1,0.0033,0.0002,0.012,0.0028,
tec-mlb-nl-2026-11-27-cy-chapat,tec-mlb-nl,BUY,0.01,72.0,72.0,53497.0,2500.0,1,0.0048,0.0003,0.01,0.0048,
tec-mlb-nl-2026-11-27-cy-chapat,tec-mlb-nl,SELL,0.011,1973.0,2174.0,23000.0,2500.0,1,0.0364,0.0021,0.011,0.0331,
tec-mlb-nl-2026-11-27-cy-jusste,tec-mlb-nl,BUY,0.01,72.0,72.0,4697.0,2500.0,1,0.0633,0.0037,0.01,0.0633,
tec-mlb-nl-2026-11-27-cy-jusste,tec-mlb-nl,SELL,0.011,752.0,955.0,24480.0,2500.0,1,0.0567,0.0033,0.011,0.0516,
tec-mlb-nl-2026-11-27-cy-loghen,tec-mlb-nl,BUY,0.01,72.0,72.0,5138.0,2500.0,1,0.0575,0.0033,0.01,0.0575,
tec-mlb-nl-2026-11-27-cy-loghen,tec-mlb-nl,SELL,0.011,38.0,41.0,10493.0,2500.0,1,0.9945,0.0578,0.011,0.9041,
tec-mlb-nl-2026-11-27-cy-micsor,tec-mlb-nl,BUY,0.01,72.0,72.0,52497.0,2500.0,1,0.0049,0.0003,0.01,0.0049,
tec-mlb-nl-2026-11-27-cy-micsor,tec-mlb-nl,SELL,0.011,902.0,902.0,17105.0,2500.0,1,0.065,0.0038,0.011,0.0591,
tec-mlb-nl-2026-11-27-cy-kylfre,tec-mlb-nl,BUY,0.009,102.0,2714.0,3989.0,2500.0,1,0.0408,0.0024,0.009,0.0453,
tec-mlb-nl-2026-11-27-cy-kylfre,tec-mlb-nl,SELL,0.01,11134.0,11134.0,16635.0,2500.0,1,0.009,0.0005,0.01,0.009,
tec-mlb-nl-2026-11-27-cy-blasne,tec-mlb-nl,BUY,0.006,20188.0,22010.0,29212.0,2500.0,1,0.005,0.0003,0.006,0.0083,
tec-mlb-nl-2026-11-27-cy-blasne,tec-mlb-nl,SELL,0.007,57274.0,57276.0,356522.0,2500.0,1,0.0017,0.0001,0.007,0.0025,
tec-mlb-nl-2026-11-27-cy-davpet,tec-mlb-nl,BUY,0.006,4603.0,6425.0,9029.0,2500.0,1,0.0217,0.0013,0.006,0.0362,
tec-mlb-nl-2026-11-27-cy-davpet,tec-mlb-nl,SELL,0.007,133663.0,134213.0,433757.0,2500.0,1,0.0007,0.0,0.007,0.0011,
tec-mlb-nl-2026-11-27-cy-jesluz,tec-mlb-nl,BUY,0.002,17116.0,19948.0,19948.0,2500.0,1,0.0058,0.0003,0.002,0.0292,
tec-mlb-nl-2026-11-27-cy-jesluz,tec-mlb-nl,SELL,0.007,14371.0,14671.0,274877.0,2500.0,1,0.007,0.0004,0.007,0.0099,
tec-mlb-nl-2026-11-27-cy-quipri,tec-mlb-nl,BUY,0.006,220.0,7092.0,9617.0,2500.0,1,0.0212,0.0012,0.006,0.0353,
tec-mlb-nl-2026-11-27-cy-quipri,tec-mlb-nl,SELL,0.007,225.0,52685.0,352247.0,2500.0,1,0.0021,0.0001,0.007,0.003,
tec-mlb-nl-2026-11-27-cy-shoima,tec-mlb-nl,BUY,0.006,3225.0,3225.0,5825.0,2500.0,1,0.031,0.0018,0.006,0.0517,
tec-mlb-nl-2026-11-27-cy-shoima,tec-mlb-nl,SELL,0.007,60025.0,83274.0,376895.0,2500.0,1,0.0017,0.0001,0.007,0.0024,
tec-mlb-nl-2026-11-27-cy-tylmah,tec-mlb-nl,BUY,0.005,3906.0,6406.0,8981.0,2500.0,1,0.0256,0.0015,0.005,0.0512,
tec-mlb-nl-2026-11-27-cy-tylmah,tec-mlb-nl,SELL,0.007,172.0,74691.0,80497.0,2500.0,1,0.0016,0.0001,0.007,0.0023,
tec-mlb-nl-2026-11-27-cy-andabb,tec-mlb-nl,BUY,0.005,3147.0,4969.0,9969.0,2500.0,1,0.0318,0.0018,0.005,0.0635,
tec-mlb-nl-2026-11-27-cy-andabb,tec-mlb-nl,SELL,0.006,135212.0,135710.0,435354.0,2500.0,1,0.0007,0.0,0.006,0.0012,
tec-mlb-nl-2026-11-27-cy-brasin,tec-mlb-nl,BUY,0.005,4056.0,5878.0,8494.0,2500.0,1,0.0246,0.0014,0.005,0.0493,
tec-mlb-nl-2026-11-27-cy-brasin,tec-mlb-nl,SELL,0.006,174674.0,175224.0,474731.0,2500.0,1,0.0006,0.0,0.006,0.001,
tec-mlb-nl-2026-11-27-cy-brawoo,tec-mlb-nl,BUY,0.005,4056.0,5978.0,8656.0,2500.0,1,0.0246,0.0014,0.005,0.0493,
tec-mlb-nl-2026-11-27-cy-brawoo,tec-mlb-nl,SELL,0.006,37664.0,60362.0,359724.0,2500.0,1,0.0027,0.0002,0.006,0.0044,
tec-mlb-nl-2026-11-27-cy-edwcab,tec-mlb-nl,BUY,0.005,4056.0,5878.0,8542.0,2500.0,1,0.0246,0.0014,0.005,0.0493,
tec-mlb-nl-2026-11-27-cy-edwcab,tec-mlb-nl,SELL,0.006,88269.0,88269.0,387675.0,2500.0,1,0.0011,0.0001,0.006,0.0019,
tec-mlb-nl-2026-11-27-cy-eurper,tec-mlb-nl,BUY,0.005,4056.0,5978.0,8565.0,2500.0,1,0.0246,0.0014,0.005,0.0493,
tec-mlb-nl-2026-11-27-cy-eurper,tec-mlb-nl,SELL,0.006,108671.0,109221.0,408615.0,2500.0,1,0.0009,0.0001,0.006,0.0015,
tec-mlb-nl-2026-11-27-cy-freper,tec-mlb-nl,BUY,0.005,3756.0,3756.0,6281.0,2500.0,1,0.0266,0.0015,0.005,0.0532,
tec-mlb-nl-2026-11-27-cy-freper,tec-mlb-nl,SELL,0.006,82509.0,82509.0,397576.0,2500.0,1,0.0012,0.0001,0.006,0.002,
tec-mlb-nl-2026-11-27-cy-jarjon,tec-mlb-nl,BUY,0.005,3906.0,5728.0,8396.0,2500.0,1,0.0256,0.0015,0.005,0.0512,
tec-mlb-nl-2026-11-27-cy-jarjon,tec-mlb-nl,SELL,0.006,150533.0,150783.0,450391.0,2500.0,1,0.0007,0.0,0.006,0.0011,
tec-mlb-nl-2026-11-27-cy-joemus,tec-mlb-nl,BUY,0.005,4056.0,5878.0,8510.0,2500.0,1,0.0246,0.0014,0.005,0.0493,
tec-mlb-nl-2026-11-27-cy-joemus,tec-mlb-nl,SELL,0.006,20075.0,20109.0,319877.0,2500.0,1,0.005,0.0003,0.006,0.0083,
tec-mlb-nl-2026-11-27-cy-kodsen,tec-mlb-nl,BUY,0.005,4131.0,5998.0,8641.0,2500.0,1,0.0242,0.0014,0.005,0.0484,
tec-mlb-nl-2026-11-27-cy-kodsen,tec-mlb-nl,SELL,0.006,69070.0,69070.0,346172.0,2500.0,1,0.0014,0.0001,0.006,0.0024,
tec-mlb-nl-2026-11-27-cy-logweb,tec-mlb-nl,BUY,0.005,4056.0,5878.0,8403.0,2500.0,1,0.0246,0.0014,0.005,0.0493,
tec-mlb-nl-2026-11-27-cy-logweb,tec-mlb-nl,SELL,0.006,245.0,50961.0,375752.0,2500.0,1,0.0022,0.0001,0.006,0.0036,
tec-mlb-nl-2026-11-27-cy-mickin,tec-mlb-nl,BUY,0.005,4056.0,4056.0,6581.0,2500.0,1,0.0246,0.0014,0.005,0.0493,
tec-mlb-nl-2026-11-27-cy-mickin,tec-mlb-nl,SELL,0.006,1510.0,1511.0,16010.0,2500.0,1,0.0443,0.0026,0.006,0.0739,
tec-mlb-nl-2026-11-27-cy-mitkel,tec-mlb-nl,BUY,0.005,114.0,114.0,404497.0,2500.0,1,0.0004,0.0,0.005,0.0008,
tec-mlb-nl-2026-11-27-cy-mitkel,tec-mlb-nl,SELL,0.006,83728.0,86879.0,392890.0,2500.0,1,0.0012,0.0001,0.006,0.002,
tec-mlb-nl-2026-11-27-cy-niclod,tec-mlb-nl,BUY,0.005,3906.0,5728.0,8399.0,2500.0,1,0.0256,0.0015,0.005,0.0512,
tec-mlb-nl-2026-11-27-cy-niclod,tec-mlb-nl,SELL,0.006,109060.0,109310.0,408494.0,2500.0,1,0.0009,0.0001,0.006,0.0015,
tec-mlb-nl-2026-11-27-cy-nicpiv,tec-mlb-nl,BUY,0.005,2295.0,6617.0,8721.0,2500.0,1,0.0162,0.0009,0.005,0.0323,
tec-mlb-nl-2026-11-27-cy-nicpiv,tec-mlb-nl,SELL,0.006,118819.0,119069.0,418441.0,2500.0,1,0.0008,0.0,0.006,0.0014,
tec-mlb-nl-2026-11-27-cy-nolmcl,tec-mlb-nl,BUY,0.005,3906.0,9109.0,11262.0,2500.0,1,0.0256,0.0015,0.005,0.0512,
tec-mlb-nl-2026-11-27-cy-nolmcl,tec-mlb-nl,SELL,0.006,18720.0,18720.0,296841.0,2500.0,1,0.0053,0.0003,0.006,0.0089,
tec-mlb-nl-2026-11-27-cy-pauske,tec-mlb-nl,BUY,0.005,3231.0,7613.0,8288.0,2500.0,1,0.0309,0.0018,0.005,0.0619,
tec-mlb-nl-2026-11-27-cy-pauske,tec-mlb-nl,SELL,0.006,14033.0,15277.0,292449.0,2500.0,1,0.0071,0.0004,0.006,0.0119,
tec-mlb-nl-2026-11-27-cy-sanalc,tec-mlb-nl,BUY,0.005,2406.0,6778.0,9064.0,2500.0,1,0.0158,0.0009,0.005,0.0315,
tec-mlb-nl-2026-11-27-cy-sanalc,tec-mlb-nl,SELL,0.006,1035.0,1518.0,278961.0,2500.0,1,0.0299,0.0017,0.006,0.0499,
tec-mlb-nl-2026-11-27-cy-tylgla,tec-mlb-nl,BUY,0.005,3906.0,5609.0,6134.0,2500.0,1,0.0256,0.0015,0.005,0.0512,
tec-mlb-nl-2026-11-27-cy-tylgla,tec-mlb-nl,SELL,0.006,5088.0,5088.0,309339.0,2500.0,1,0.0197,0.0011,0.006,0.0328,
tec-mlb-nl-2026-11-27-cy-yosyam,tec-mlb-nl,BUY,0.005,3906.0,6105.0,8630.0,2500.0,1,0.0256,0.0015,0.005,0.0512,
tec-mlb-nl-2026-11-27-cy-yosyam,tec-mlb-nl,SELL,0.006,3.0,378.0,291208.0,2500.0,1,0.0214,0.0012,0.006,0.0357,
tec-mlb-nl-2026-11-27-cy-clahol,tec-mlb-nl,BUY,0.004,3662.0,5732.0,5732.0,2500.0,1,0.0273,0.0016,0.004,0.0683,
tec-mlb-nl-2026-11-27-cy-clahol,tec-mlb-nl,SELL,0.005,76612.0,76862.0,87449.0,2500.0,1,0.0013,0.0001,0.005,0.0026,
tec-mlb-nl-2026-11-27-cy-masmil,tec-mlb-nl,BUY,0.003,4309.0,6947.0,6947.0,2500.0,1,0.0232,0.0013,0.003,0.0773,
tec-mlb-nl-2026-11-27-cy-masmil,tec-mlb-nl,SELL,0.004,94201.0,95638.0,410791.0,2500.0,1,0.0011,0.0001,0.004,0.0027,
tec-mlb-nl-2026-11-27-cy-robray,tec-mlb-nl,BUY,0.003,173.0,521387.0,521387.0,2500.0,1,0.0002,0.0,0.003,0.0008,
tec-mlb-nl-2026-11-27-cy-robray,tec-mlb-nl,SELL,0.004,110793.0,112934.0,427513.0,2500.0,1,0.0009,0.0001,0.004,0.0023,
tec-mlb-nl-2026-11-27-cy-chabur,tec-mlb-nl,BUY,0.001,907661.0,907661.0,907661.0,2500.0,1,0.0001,0.0,0.001,0.0011,
tec-mlb-nl-2026-11-27-cy-chabur,tec-mlb-nl,SELL,0.002,4503.0,7101.0,328660.0,2500.0,1,0.0222,0.0013,0.002,0.111,
tec-mlb-nl-2026-11-27-cy-chadol,tec-mlb-nl,BUY,0.001,525.0,525.0,525.0,2500.0,0,0.0,0.0,0.001,0.0,side under Target Size — pays nobody
tec-mlb-nl-2026-11-27-cy-chadol,tec-mlb-nl,SELL,0.002,189464.0,189464.0,215465.0,2500.0,1,0.0005,0.0,0.002,0.0026,
